film_id,title,description,length,rating,language,category_id,category,inventory_id
19,"amadeus holy","a emotional display of a pioneer and a technical writer who must battle a man in a baloon",113,PG,english,1,action,93
19,"amadeus holy","a emotional display of a pioneer and a technical writer who must battle a man in a baloon",113,PG,english,1,action,94
19,"amadeus holy","a emotional display of a pioneer and a technical writer who must battle a man in a baloon",113,PG,english,1,action,95
19,"amadeus holy","a emotional display of a pioneer and a technical writer who must battle a man in a baloon",113,PG,english,1,action,96
19,"amadeus holy","a emotional display of a pioneer and a technical writer who must battle a man in a baloon",113,PG,english,1,action,97
19,"amadeus holy","a emotional display of a pioneer and a technical writer who must battle a man in a baloon",113,PG,english,1,action,98
21,"american circus","a insightful drama of a girl and a astronaut who must face a database administrator in a shark tank",129,R,english,1,action,102
21,"american circus","a insightful drama of a girl and a astronaut who must face a database administrator in a shark tank",129,R,english,1,action,103
21,"american circus","a insightful drama of a girl and a astronaut who must face a database administrator in a shark tank",129,R,english,1,action,104
21,"american circus","a insightful drama of a girl and a astronaut who must face a database administrator in a shark tank",129,R,english,1,action,105
21,"american circus","a insightful drama of a girl and a astronaut who must face a database administrator in a shark tank",129,R,english,1,action,106
21,"american circus","a insightful drama of a girl and a astronaut who must face a database administrator in a shark tank",129,R,english,1,action,107
29,"antitrust tomatoes","a fateful yarn of a womanizer and a feminist who must succumb a database administrator in ancient india",168,NC-17,english,1,action,142
29,"antitrust tomatoes","a fateful yarn of a womanizer and a feminist who must succumb a database administrator in ancient india",168,NC-17,english,1,action,143
38,"ark ridgemont","a beautiful yarn of a pioneer and a monkey who must pursue a explorer in the sahara desert",68,NC-17,english,1,action,NULL
56,"barefoot manchurian","a intrepid story of a cat and a student who must vanquish a girl in an abandoned amusement park",129,G,english,1,action,248
56,"barefoot manchurian","a intrepid story of a cat and a student who must vanquish a girl in an abandoned amusement park",129,G,english,1,action,249
56,"barefoot manchurian","a intrepid story of a cat and a student who must vanquish a girl in an abandoned amusement park",129,G,english,1,action,250
56,"barefoot manchurian","a intrepid story of a cat and a student who must vanquish a girl in an abandoned amusement park",129,G,english,1,action,251
56,"barefoot manchurian","a intrepid story of a cat and a student who must vanquish a girl in an abandoned amusement park",129,G,english,1,action,252
67,"berets agent","a taut saga of a crocodile and a boy who must overcome a technical writer in ancient china",77,PG-13,english,1,action,294
67,"berets agent","a taut saga of a crocodile and a boy who must overcome a technical writer in ancient china",77,PG-13,english,1,action,295
67,"berets agent","a taut saga of a crocodile and a boy who must overcome a technical writer in ancient china",77,PG-13,english,1,action,296
67,"berets agent","a taut saga of a crocodile and a boy who must overcome a technical writer in ancient china",77,PG-13,english,1,action,297
67,"berets agent","a taut saga of a crocodile and a boy who must overcome a technical writer in ancient china",77,PG-13,english,1,action,298
67,"berets agent","a taut saga of a crocodile and a boy who must overcome a technical writer in ancient china",77,PG-13,english,1,action,299
97,"bride intrigue","a epic tale of a robot and a monkey who must vanquish a man in new orleans",56,G,english,1,action,436
97,"bride intrigue","a epic tale of a robot and a monkey who must vanquish a man in new orleans",56,G,english,1,action,437
97,"bride intrigue","a epic tale of a robot and a monkey who must vanquish a man in new orleans",56,G,english,1,action,438
97,"bride intrigue","a epic tale of a robot and a monkey who must vanquish a man in new orleans",56,G,english,1,action,439
97,"bride intrigue","a epic tale of a robot and a monkey who must vanquish a man in new orleans",56,G,english,1,action,440
97,"bride intrigue","a epic tale of a robot and a monkey who must vanquish a man in new orleans",56,G,english,1,action,441
105,"bull shawshank","a fanciful drama of a moose and a squirrel who must conquer a pioneer in the canadian rockies",125,NC-17,english,1,action,476
105,"bull shawshank","a fanciful drama of a moose and a squirrel who must conquer a pioneer in the canadian rockies",125,NC-17,english,1,action,477
105,"bull shawshank","a fanciful drama of a moose and a squirrel who must conquer a pioneer in the canadian rockies",125,NC-17,english,1,action,478
105,"bull shawshank","a fanciful drama of a moose and a squirrel who must conquer a pioneer in the canadian rockies",125,NC-17,english,1,action,479
105,"bull shawshank","a fanciful drama of a moose and a squirrel who must conquer a pioneer in the canadian rockies",125,NC-17,english,1,action,480
111,"caddyshack jedi","a awe-inspiring epistle of a woman and a madman who must fight a robot in soviet georgia",52,NC-17,english,1,action,497
111,"caddyshack jedi","a awe-inspiring epistle of a woman and a madman who must fight a robot in soviet georgia",52,NC-17,english,1,action,498
111,"caddyshack jedi","a awe-inspiring epistle of a woman and a madman who must fight a robot in soviet georgia",52,NC-17,english,1,action,499
111,"caddyshack jedi","a awe-inspiring epistle of a woman and a madman who must fight a robot in soviet georgia",52,NC-17,english,1,action,500
115,"campus remember","a astounding drama of a crocodile and a mad cow who must build a robot in a jet boat",167,R,english,1,action,519
115,"campus remember","a astounding drama of a crocodile and a mad cow who must build a robot in a jet boat",167,R,english,1,action,520
115,"campus remember","a astounding drama of a crocodile and a mad cow who must build a robot in a jet boat",167,R,english,1,action,521
115,"campus remember","a astounding drama of a crocodile and a mad cow who must build a robot in a jet boat",167,R,english,1,action,522
115,"campus remember","a astounding drama of a crocodile and a mad cow who must build a robot in a jet boat",167,R,english,1,action,523
115,"campus remember","a astounding drama of a crocodile and a mad cow who must build a robot in a jet boat",167,R,english,1,action,524
115,"campus remember","a astounding drama of a crocodile and a mad cow who must build a robot in a jet boat",167,R,english,1,action,525
126,"casualties encino","a insightful yarn of a a shark and a pastry chef who must face a boy in a monastery",179,G,english,1,action,577
126,"casualties encino","a insightful yarn of a a shark and a pastry chef who must face a boy in a monastery",179,G,english,1,action,578
126,"casualties encino","a insightful yarn of a a shark and a pastry chef who must face a boy in a monastery",179,G,english,1,action,579
130,"celebrity horn","a amazing documentary of a secret agent and a astronaut who must vanquish a hunter in a shark tank",110,PG-13,english,1,action,594
130,"celebrity horn","a amazing documentary of a secret agent and a astronaut who must vanquish a hunter in a shark tank",110,PG-13,english,1,action,595
130,"celebrity horn","a amazing documentary of a secret agent and a astronaut who must vanquish a hunter in a shark tank",110,PG-13,english,1,action,596
130,"celebrity horn","a amazing documentary of a secret agent and a astronaut who must vanquish a hunter in a shark tank",110,PG-13,english,1,action,597
130,"celebrity horn","a amazing documentary of a secret agent and a astronaut who must vanquish a hunter in a shark tank",110,PG-13,english,1,action,598
130,"celebrity horn","a amazing documentary of a secret agent and a astronaut who must vanquish a hunter in a shark tank",110,PG-13,english,1,action,599
162,"clueless bucket","a taut tale of a car and a pioneer who must conquer a sumo wrestler in an abandoned fun house",95,R,english,1,action,738
162,"clueless bucket","a taut tale of a car and a pioneer who must conquer a sumo wrestler in an abandoned fun house",95,R,english,1,action,739
162,"clueless bucket","a taut tale of a car and a pioneer who must conquer a sumo wrestler in an abandoned fun house",95,R,english,1,action,740
162,"clueless bucket","a taut tale of a car and a pioneer who must conquer a sumo wrestler in an abandoned fun house",95,R,english,1,action,741
162,"clueless bucket","a taut tale of a car and a pioneer who must conquer a sumo wrestler in an abandoned fun house",95,R,english,1,action,742
162,"clueless bucket","a taut tale of a car and a pioneer who must conquer a sumo wrestler in an abandoned fun house",95,R,english,1,action,743
162,"clueless bucket","a taut tale of a car and a pioneer who must conquer a sumo wrestler in an abandoned fun house",95,R,english,1,action,744
194,"crow grease","a awe-inspiring documentary of a woman and a husband who must sink a database administrator in the first manned space station",104,PG,english,1,action,881
194,"crow grease","a awe-inspiring documentary of a woman and a husband who must sink a database administrator in the first manned space station",104,PG,english,1,action,882
194,"crow grease","a awe-inspiring documentary of a woman and a husband who must sink a database administrator in the first manned space station",104,PG,english,1,action,883
194,"crow grease","a awe-inspiring documentary of a woman and a husband who must sink a database administrator in the first manned space station",104,PG,english,1,action,884
205,"dances none","a insightful reflection of a a shark and a dog who must kill a butler in an abandoned amusement park",58,NC-17,english,1,action,922
205,"dances none","a insightful reflection of a a shark and a dog who must kill a butler in an abandoned amusement park",58,NC-17,english,1,action,923
205,"dances none","a insightful reflection of a a shark and a dog who must kill a butler in an abandoned amusement park",58,NC-17,english,1,action,924
205,"dances none","a insightful reflection of a a shark and a dog who must kill a butler in an abandoned amusement park",58,NC-17,english,1,action,925
210,"darko dorado","a stunning reflection of a frisbee and a husband who must redeem a dog in new orleans",130,NC-17,english,1,action,945
210,"darko dorado","a stunning reflection of a frisbee and a husband who must redeem a dog in new orleans",130,NC-17,english,1,action,946
210,"darko dorado","a stunning reflection of a frisbee and a husband who must redeem a dog in new orleans",130,NC-17,english,1,action,947
212,"darn forrester","a fateful story of a a shark and a explorer who must succumb a technical writer in a jet boat",185,G,english,1,action,950
212,"darn forrester","a fateful story of a a shark and a explorer who must succumb a technical writer in a jet boat",185,G,english,1,action,951
212,"darn forrester","a fateful story of a a shark and a explorer who must succumb a technical writer in a jet boat",185,G,english,1,action,952
212,"darn forrester","a fateful story of a a shark and a explorer who must succumb a technical writer in a jet boat",185,G,english,1,action,953
212,"darn forrester","a fateful story of a a shark and a explorer who must succumb a technical writer in a jet boat",185,G,english,1,action,954
229,"devil desire","a beautiful reflection of a monkey and a dentist who must face a database administrator in ancient japan",87,R,english,1,action,1023
229,"devil desire","a beautiful reflection of a monkey and a dentist who must face a database administrator in ancient japan",87,R,english,1,action,1024
229,"devil desire","a beautiful reflection of a monkey and a dentist who must face a database administrator in ancient japan",87,R,english,1,action,1025
229,"devil desire","a beautiful reflection of a monkey and a dentist who must face a database administrator in ancient japan",87,R,english,1,action,1026
250,"dragon squad","a taut reflection of a boy and a waitress who must outgun a teacher in ancient china",170,NC-17,english,1,action,1127
250,"dragon squad","a taut reflection of a boy and a waitress who must outgun a teacher in ancient china",170,NC-17,english,1,action,1128
250,"dragon squad","a taut reflection of a boy and a waitress who must outgun a teacher in ancient china",170,NC-17,english,1,action,1129
250,"dragon squad","a taut reflection of a boy and a waitress who must outgun a teacher in ancient china",170,NC-17,english,1,action,1130
252,"dream pickup","a epic display of a car and a composer who must overcome a forensic psychologist in the gulf of mexico",135,PG,english,1,action,1136
252,"dream pickup","a epic display of a car and a composer who must overcome a forensic psychologist in the gulf of mexico",135,PG,english,1,action,1137
252,"dream pickup","a epic display of a car and a composer who must overcome a forensic psychologist in the gulf of mexico",135,PG,english,1,action,1138
252,"dream pickup","a epic display of a car and a composer who must overcome a forensic psychologist in the gulf of mexico",135,PG,english,1,action,1139
252,"dream pickup","a epic display of a car and a composer who must overcome a forensic psychologist in the gulf of mexico",135,PG,english,1,action,1140
252,"dream pickup","a epic display of a car and a composer who must overcome a forensic psychologist in the gulf of mexico",135,PG,english,1,action,1141
253,"drifter commandments","a epic reflection of a womanizer and a squirrel who must discover a husband in a jet boat",61,PG-13,english,1,action,1142
253,"drifter commandments","a epic reflection of a womanizer and a squirrel who must discover a husband in a jet boat",61,PG-13,english,1,action,1143
253,"drifter commandments","a epic reflection of a womanizer and a squirrel who must discover a husband in a jet boat",61,PG-13,english,1,action,1144
253,"drifter commandments","a epic reflection of a womanizer and a squirrel who must discover a husband in a jet boat",61,PG-13,english,1,action,1145
253,"drifter commandments","a epic reflection of a womanizer and a squirrel who must discover a husband in a jet boat",61,PG-13,english,1,action,1146
253,"drifter commandments","a epic reflection of a womanizer and a squirrel who must discover a husband in a jet boat",61,PG-13,english,1,action,1147
271,"easy gladiator","a fateful story of a monkey and a girl who must overcome a pastry chef in ancient india",148,G,english,1,action,1221
271,"easy gladiator","a fateful story of a monkey and a girl who must overcome a pastry chef in ancient india",148,G,english,1,action,1222
271,"easy gladiator","a fateful story of a monkey and a girl who must overcome a pastry chef in ancient india",148,G,english,1,action,1223
271,"easy gladiator","a fateful story of a monkey and a girl who must overcome a pastry chef in ancient india",148,G,english,1,action,1224
271,"easy gladiator","a fateful story of a monkey and a girl who must overcome a pastry chef in ancient india",148,G,english,1,action,1225
287,"entrapment satisfaction","a thoughtful panorama of a hunter and a teacher who must reach a mad cow in a u-boat",176,R,english,1,action,1300
287,"entrapment satisfaction","a thoughtful panorama of a hunter and a teacher who must reach a mad cow in a u-boat",176,R,english,1,action,1301
287,"entrapment satisfaction","a thoughtful panorama of a hunter and a teacher who must reach a mad cow in a u-boat",176,R,english,1,action,1302
287,"entrapment satisfaction","a thoughtful panorama of a hunter and a teacher who must reach a mad cow in a u-boat",176,R,english,1,action,1303
292,"excitement eve","a brilliant documentary of a monkey and a car who must conquer a crocodile in a shark tank",51,G,english,1,action,1319
292,"excitement eve","a brilliant documentary of a monkey and a car who must conquer a crocodile in a shark tank",51,G,english,1,action,1320
292,"excitement eve","a brilliant documentary of a monkey and a car who must conquer a crocodile in a shark tank",51,G,english,1,action,1321
292,"excitement eve","a brilliant documentary of a monkey and a car who must conquer a crocodile in a shark tank",51,G,english,1,action,1322
292,"excitement eve","a brilliant documentary of a monkey and a car who must conquer a crocodile in a shark tank",51,G,english,1,action,1323
292,"excitement eve","a brilliant documentary of a monkey and a car who must conquer a crocodile in a shark tank",51,G,english,1,action,1324
303,"fantasy troopers","a touching saga of a teacher and a monkey who must overcome a secret agent in a mysql convention",58,PG-13,english,1,action,1378
303,"fantasy troopers","a touching saga of a teacher and a monkey who must overcome a secret agent in a mysql convention",58,PG-13,english,1,action,1379
303,"fantasy troopers","a touching saga of a teacher and a monkey who must overcome a secret agent in a mysql convention",58,PG-13,english,1,action,1380
303,"fantasy troopers","a touching saga of a teacher and a monkey who must overcome a secret agent in a mysql convention",58,PG-13,english,1,action,1381
303,"fantasy troopers","a touching saga of a teacher and a monkey who must overcome a secret agent in a mysql convention",58,PG-13,english,1,action,1382
303,"fantasy troopers","a touching saga of a teacher and a monkey who must overcome a secret agent in a mysql convention",58,PG-13,english,1,action,1383
318,"firehouse vietnam","a awe-inspiring character study of a boat and a boy who must kill a pastry chef in the sahara desert",103,G,english,1,action,NULL
327,"fool mockingbird","a lacklusture tale of a crocodile and a composer who must defeat a madman in a u-boat",158,PG,english,1,action,1491
327,"fool mockingbird","a lacklusture tale of a crocodile and a composer who must defeat a madman in a u-boat",158,PG,english,1,action,1492
327,"fool mockingbird","a lacklusture tale of a crocodile and a composer who must defeat a madman in a u-boat",158,PG,english,1,action,1493
327,"fool mockingbird","a lacklusture tale of a crocodile and a composer who must defeat a madman in a u-boat",158,PG,english,1,action,1494
327,"fool mockingbird","a lacklusture tale of a crocodile and a composer who must defeat a madman in a u-boat",158,PG,english,1,action,1495
327,"fool mockingbird","a lacklusture tale of a crocodile and a composer who must defeat a madman in a u-boat",158,PG,english,1,action,1496
329,"forrest sons","a thrilling documentary of a forensic psychologist and a butler who must defeat a explorer in a jet boat",63,R,english,1,action,1501
329,"forrest sons","a thrilling documentary of a forensic psychologist and a butler who must defeat a explorer in a jet boat",63,R,english,1,action,1502
329,"forrest sons","a thrilling documentary of a forensic psychologist and a butler who must defeat a explorer in a jet boat",63,R,english,1,action,1503
329,"forrest sons","a thrilling documentary of a forensic psychologist and a butler who must defeat a explorer in a jet boat",63,R,english,1,action,1504
329,"forrest sons","a thrilling documentary of a forensic psychologist and a butler who must defeat a explorer in a jet boat",63,R,english,1,action,1505
329,"forrest sons","a thrilling documentary of a forensic psychologist and a butler who must defeat a explorer in a jet boat",63,R,english,1,action,1506
360,"glass dying","a astounding drama of a frisbee and a astronaut who must fight a dog in ancient japan",103,G,english,1,action,1647
360,"glass dying","a astounding drama of a frisbee and a astronaut who must fight a dog in ancient japan",103,G,english,1,action,1648
360,"glass dying","a astounding drama of a frisbee and a astronaut who must fight a dog in ancient japan",103,G,english,1,action,1649
360,"glass dying","a astounding drama of a frisbee and a astronaut who must fight a dog in ancient japan",103,G,english,1,action,1650
371,"gosford donnie","a epic panorama of a mad scientist and a monkey who must redeem a secret agent in berlin",129,G,english,1,action,1703
371,"gosford donnie","a epic panorama of a mad scientist and a monkey who must redeem a secret agent in berlin",129,G,english,1,action,1704
371,"gosford donnie","a epic panorama of a mad scientist and a monkey who must redeem a secret agent in berlin",129,G,english,1,action,1705
375,"grail frankenstein","a unbelieveable saga of a teacher and a monkey who must fight a girl in an abandoned mine shaft",85,NC-17,english,1,action,1720
375,"grail frankenstein","a unbelieveable saga of a teacher and a monkey who must fight a girl in an abandoned mine shaft",85,NC-17,english,1,action,1721
395,"handicap boondock","a beautiful display of a pioneer and a squirrel who must vanquish a sumo wrestler in soviet georgia",108,R,english,1,action,1816
395,"handicap boondock","a beautiful display of a pioneer and a squirrel who must vanquish a sumo wrestler in soviet georgia",108,R,english,1,action,1817
395,"handicap boondock","a beautiful display of a pioneer and a squirrel who must vanquish a sumo wrestler in soviet georgia",108,R,english,1,action,1818
395,"handicap boondock","a beautiful display of a pioneer and a squirrel who must vanquish a sumo wrestler in soviet georgia",108,R,english,1,action,1819
395,"handicap boondock","a beautiful display of a pioneer and a squirrel who must vanquish a sumo wrestler in soviet georgia",108,R,english,1,action,1820
395,"handicap boondock","a beautiful display of a pioneer and a squirrel who must vanquish a sumo wrestler in soviet georgia",108,R,english,1,action,1821
417,"hills neighbors","a epic display of a hunter and a feminist who must sink a car in a u-boat",93,G,english,1,action,1917
417,"hills neighbors","a epic display of a hunter and a feminist who must sink a car in a u-boat",93,G,english,1,action,1918
417,"hills neighbors","a epic display of a hunter and a feminist who must sink a car in a u-boat",93,G,english,1,action,1919
417,"hills neighbors","a epic display of a hunter and a feminist who must sink a car in a u-boat",93,G,english,1,action,1920
417,"hills neighbors","a epic display of a hunter and a feminist who must sink a car in a u-boat",93,G,english,1,action,1921
417,"hills neighbors","a epic display of a hunter and a feminist who must sink a car in a u-boat",93,G,english,1,action,1922
501,"kissing dolls","a insightful reflection of a pioneer and a teacher who must build a composer in the first manned space station",141,R,english,1,action,2304
501,"kissing dolls","a insightful reflection of a pioneer and a teacher who must build a composer in the first manned space station",141,R,english,1,action,2305
501,"kissing dolls","a insightful reflection of a pioneer and a teacher who must build a composer in the first manned space station",141,R,english,1,action,2306
501,"kissing dolls","a insightful reflection of a pioneer and a teacher who must build a composer in the first manned space station",141,R,english,1,action,2307
501,"kissing dolls","a insightful reflection of a pioneer and a teacher who must build a composer in the first manned space station",141,R,english,1,action,2308
511,"lawrence love","a fanciful yarn of a database administrator and a mad cow who must pursue a womanizer in berlin",175,NC-17,english,1,action,2347
511,"lawrence love","a fanciful yarn of a database administrator and a mad cow who must pursue a womanizer in berlin",175,NC-17,english,1,action,2348
511,"lawrence love","a fanciful yarn of a database administrator and a mad cow who must pursue a womanizer in berlin",175,NC-17,english,1,action,2349
511,"lawrence love","a fanciful yarn of a database administrator and a mad cow who must pursue a womanizer in berlin",175,NC-17,english,1,action,2350
511,"lawrence love","a fanciful yarn of a database administrator and a mad cow who must pursue a womanizer in berlin",175,NC-17,english,1,action,2351
530,"lord arizona","a action-packed display of a frisbee and a pastry chef who must pursue a crocodile in a jet boat",108,PG-13,english,1,action,2427
530,"lord arizona","a action-packed display of a frisbee and a pastry chef who must pursue a crocodile in a jet boat",108,PG-13,english,1,action,2428
530,"lord arizona","a action-packed display of a frisbee and a pastry chef who must pursue a crocodile in a jet boat",108,PG-13,english,1,action,2429
542,"lust lock","a fanciful panorama of a hunter and a dentist who must meet a secret agent in the sahara desert",52,G,english,1,action,2472
542,"lust lock","a fanciful panorama of a hunter and a dentist who must meet a secret agent in the sahara desert",52,G,english,1,action,2473
542,"lust lock","a fanciful panorama of a hunter and a dentist who must meet a secret agent in the sahara desert",52,G,english,1,action,2474
542,"lust lock","a fanciful panorama of a hunter and a dentist who must meet a secret agent in the sahara desert",52,G,english,1,action,2475
542,"lust lock","a fanciful panorama of a hunter and a dentist who must meet a secret agent in the sahara desert",52,G,english,1,action,2476
542,"lust lock","a fanciful panorama of a hunter and a dentist who must meet a secret agent in the sahara desert",52,G,english,1,action,2477
549,"magnolia forrester","a thoughtful documentary of a composer and a explorer who must conquer a dentist in new orleans",171,PG-13,english,1,action,2498
549,"magnolia forrester","a thoughtful documentary of a composer and a explorer who must conquer a dentist in new orleans",171,PG-13,english,1,action,2499
549,"magnolia forrester","a thoughtful documentary of a composer and a explorer who must conquer a dentist in new orleans",171,PG-13,english,1,action,2500
549,"magnolia forrester","a thoughtful documentary of a composer and a explorer who must conquer a dentist in new orleans",171,PG-13,english,1,action,2501
574,"midnight westward","a taut reflection of a husband and a a shark who must redeem a pastry chef in a monastery",86,G,english,1,action,2616
574,"midnight westward","a taut reflection of a husband and a a shark who must redeem a pastry chef in a monastery",86,G,english,1,action,2617
574,"midnight westward","a taut reflection of a husband and a a shark who must redeem a pastry chef in a monastery",86,G,english,1,action,2618
574,"midnight westward","a taut reflection of a husband and a a shark who must redeem a pastry chef in a monastery",86,G,english,1,action,2619
574,"midnight westward","a taut reflection of a husband and a a shark who must redeem a pastry chef in a monastery",86,G,english,1,action,2620
579,"minds truman","a taut yarn of a mad scientist and a crocodile who must outgun a database administrator in a monastery",149,PG-13,english,1,action,2638
579,"minds truman","a taut yarn of a mad scientist and a crocodile who must outgun a database administrator in a monastery",149,PG-13,english,1,action,2639
579,"minds truman","a taut yarn of a mad scientist and a crocodile who must outgun a database administrator in a monastery",149,PG-13,english,1,action,2640
579,"minds truman","a taut yarn of a mad scientist and a crocodile who must outgun a database administrator in a monastery",149,PG-13,english,1,action,2641
579,"minds truman","a taut yarn of a mad scientist and a crocodile who must outgun a database administrator in a monastery",149,PG-13,english,1,action,2642
579,"minds truman","a taut yarn of a mad scientist and a crocodile who must outgun a database administrator in a monastery",149,PG-13,english,1,action,2643
579,"minds truman","a taut yarn of a mad scientist and a crocodile who must outgun a database administrator in a monastery",149,PG-13,english,1,action,2644
586,"mockingbird hollywood","a thoughtful panorama of a man and a car who must sink a composer in berlin",60,PG,english,1,action,2667
586,"mockingbird hollywood","a thoughtful panorama of a man and a car who must sink a composer in berlin",60,PG,english,1,action,2668
586,"mockingbird hollywood","a thoughtful panorama of a man and a car who must sink a composer in berlin",60,PG,english,1,action,2669
586,"mockingbird hollywood","a thoughtful panorama of a man and a car who must sink a composer in berlin",60,PG,english,1,action,2670
586,"mockingbird hollywood","a thoughtful panorama of a man and a car who must sink a composer in berlin",60,PG,english,1,action,2671
586,"mockingbird hollywood","a thoughtful panorama of a man and a car who must sink a composer in berlin",60,PG,english,1,action,2672
586,"mockingbird hollywood","a thoughtful panorama of a man and a car who must sink a composer in berlin",60,PG,english,1,action,2673
586,"mockingbird hollywood","a thoughtful panorama of a man and a car who must sink a composer in berlin",60,PG,english,1,action,2674
594,"montezuma command","a thrilling reflection of a waitress and a butler who must battle a butler in a jet boat",126,NC-17,english,1,action,2704
594,"montezuma command","a thrilling reflection of a waitress and a butler who must battle a butler in a jet boat",126,NC-17,english,1,action,2705
594,"montezuma command","a thrilling reflection of a waitress and a butler who must battle a butler in a jet boat",126,NC-17,english,1,action,2706
659,"park citizen","a taut epistle of a sumo wrestler and a girl who must face a husband in ancient japan",109,PG-13,english,1,action,3004
659,"park citizen","a taut epistle of a sumo wrestler and a girl who must face a husband in ancient japan",109,PG-13,english,1,action,3005
664,"patriot roman","a taut saga of a robot and a database administrator who must challenge a astronaut in california",65,PG,english,1,action,3023
664,"patriot roman","a taut saga of a robot and a database administrator who must challenge a astronaut in california",65,PG,english,1,action,3024
664,"patriot roman","a taut saga of a robot and a database administrator who must challenge a astronaut in california",65,PG,english,1,action,3025
664,"patriot roman","a taut saga of a robot and a database administrator who must challenge a astronaut in california",65,PG,english,1,action,3026
664,"patriot roman","a taut saga of a robot and a database administrator who must challenge a astronaut in california",65,PG,english,1,action,3027
697,"primary glass","a fateful documentary of a pastry chef and a butler who must build a dog in the canadian rockies",53,G,english,1,action,3172
697,"primary glass","a fateful documentary of a pastry chef and a butler who must build a dog in the canadian rockies",53,G,english,1,action,3173
697,"primary glass","a fateful documentary of a pastry chef and a butler who must build a dog in the canadian rockies",53,G,english,1,action,3174
697,"primary glass","a fateful documentary of a pastry chef and a butler who must build a dog in the canadian rockies",53,G,english,1,action,3175
697,"primary glass","a fateful documentary of a pastry chef and a butler who must build a dog in the canadian rockies",53,G,english,1,action,3176
697,"primary glass","a fateful documentary of a pastry chef and a butler who must build a dog in the canadian rockies",53,G,english,1,action,3177
697,"primary glass","a fateful documentary of a pastry chef and a butler who must build a dog in the canadian rockies",53,G,english,1,action,3178
697,"primary glass","a fateful documentary of a pastry chef and a butler who must build a dog in the canadian rockies",53,G,english,1,action,3179
707,"quest mussolini","a fateful drama of a husband and a sumo wrestler who must battle a pastry chef in a baloon factory",177,R,english,1,action,3217
707,"quest mussolini","a fateful drama of a husband and a sumo wrestler who must battle a pastry chef in a baloon factory",177,R,english,1,action,3218
707,"quest mussolini","a fateful drama of a husband and a sumo wrestler who must battle a pastry chef in a baloon factory",177,R,english,1,action,3219
707,"quest mussolini","a fateful drama of a husband and a sumo wrestler who must battle a pastry chef in a baloon factory",177,R,english,1,action,3220
707,"quest mussolini","a fateful drama of a husband and a sumo wrestler who must battle a pastry chef in a baloon factory",177,R,english,1,action,3221
707,"quest mussolini","a fateful drama of a husband and a sumo wrestler who must battle a pastry chef in a baloon factory",177,R,english,1,action,3222
717,"rear trading","a awe-inspiring reflection of a forensic psychologist and a secret agent who must succumb a pastry chef in soviet georgia",97,NC-17,english,1,action,3258
717,"rear trading","a awe-inspiring reflection of a forensic psychologist and a secret agent who must succumb a pastry chef in soviet georgia",97,NC-17,english,1,action,3259
717,"rear trading","a awe-inspiring reflection of a forensic psychologist and a secret agent who must succumb a pastry chef in soviet georgia",97,NC-17,english,1,action,3260
717,"rear trading","a awe-inspiring reflection of a forensic psychologist and a secret agent who must succumb a pastry chef in soviet georgia",97,NC-17,english,1,action,3261
732,"rings heartbreakers","a amazing yarn of a sumo wrestler and a boat who must conquer a waitress in new orleans",58,G,english,1,action,3326
732,"rings heartbreakers","a amazing yarn of a sumo wrestler and a boat who must conquer a waitress in new orleans",58,G,english,1,action,3327
732,"rings heartbreakers","a amazing yarn of a sumo wrestler and a boat who must conquer a waitress in new orleans",58,G,english,1,action,3328
732,"rings heartbreakers","a amazing yarn of a sumo wrestler and a boat who must conquer a waitress in new orleans",58,G,english,1,action,3329
748,"rugrats shakespeare","a touching saga of a crocodile and a crocodile who must discover a technical writer in nigeria",109,PG-13,english,1,action,3411
748,"rugrats shakespeare","a touching saga of a crocodile and a crocodile who must discover a technical writer in nigeria",109,PG-13,english,1,action,3412
748,"rugrats shakespeare","a touching saga of a crocodile and a crocodile who must discover a technical writer in nigeria",109,PG-13,english,1,action,3413
748,"rugrats shakespeare","a touching saga of a crocodile and a crocodile who must discover a technical writer in nigeria",109,PG-13,english,1,action,3414
748,"rugrats shakespeare","a touching saga of a crocodile and a crocodile who must discover a technical writer in nigeria",109,PG-13,english,1,action,3415
748,"rugrats shakespeare","a touching saga of a crocodile and a crocodile who must discover a technical writer in nigeria",109,PG-13,english,1,action,3416
748,"rugrats shakespeare","a touching saga of a crocodile and a crocodile who must discover a technical writer in nigeria",109,PG-13,english,1,action,3417
748,"rugrats shakespeare","a touching saga of a crocodile and a crocodile who must discover a technical writer in nigeria",109,PG-13,english,1,action,3418
793,"shrunk divine","a fateful character study of a waitress and a technical writer who must battle a hunter in a baloon",139,R,english,1,action,3632
793,"shrunk divine","a fateful character study of a waitress and a technical writer who must battle a hunter in a baloon",139,R,english,1,action,3633
793,"shrunk divine","a fateful character study of a waitress and a technical writer who must battle a hunter in a baloon",139,R,english,1,action,3634
793,"shrunk divine","a fateful character study of a waitress and a technical writer who must battle a hunter in a baloon",139,R,english,1,action,3635
794,"side ark","a stunning panorama of a crocodile and a womanizer who must meet a feminist in the canadian rockies",52,G,english,1,action,3636
794,"side ark","a stunning panorama of a crocodile and a womanizer who must meet a feminist in the canadian rockies",52,G,english,1,action,3637
794,"side ark","a stunning panorama of a crocodile and a womanizer who must meet a feminist in the canadian rockies",52,G,english,1,action,3638
794,"side ark","a stunning panorama of a crocodile and a womanizer who must meet a feminist in the canadian rockies",52,G,english,1,action,3639
802,"sky miracle","a epic drama of a mad scientist and a explorer who must succumb a waitress in an abandoned fun house",132,PG,english,1,action,NULL
823,"south wait","a amazing documentary of a car and a robot who must escape a lumberjack in an abandoned amusement park",143,R,english,1,action,3759
823,"south wait","a amazing documentary of a car and a robot who must escape a lumberjack in an abandoned amusement park",143,R,english,1,action,3760
823,"south wait","a amazing documentary of a car and a robot who must escape a lumberjack in an abandoned amusement park",143,R,english,1,action,3761
823,"south wait","a amazing documentary of a car and a robot who must escape a lumberjack in an abandoned amusement park",143,R,english,1,action,3762
823,"south wait","a amazing documentary of a car and a robot who must escape a lumberjack in an abandoned amusement park",143,R,english,1,action,3763
823,"south wait","a amazing documentary of a car and a robot who must escape a lumberjack in an abandoned amusement park",143,R,english,1,action,3764
823,"south wait","a amazing documentary of a car and a robot who must escape a lumberjack in an abandoned amusement park",143,R,english,1,action,3765
825,"speakeasy date","a lacklusture drama of a forensic psychologist and a car who must redeem a man in a manhattan penthouse",165,PG-13,english,1,action,3770
825,"speakeasy date","a lacklusture drama of a forensic psychologist and a car who must redeem a man in a manhattan penthouse",165,PG-13,english,1,action,3771
825,"speakeasy date","a lacklusture drama of a forensic psychologist and a car who must redeem a man in a manhattan penthouse",165,PG-13,english,1,action,3772
838,"stagecoach armageddon","a touching display of a pioneer and a butler who must chase a car in california",112,R,english,1,action,3825
838,"stagecoach armageddon","a touching display of a pioneer and a butler who must chase a car in california",112,R,english,1,action,3826
838,"stagecoach armageddon","a touching display of a pioneer and a butler who must chase a car in california",112,R,english,1,action,3827
838,"stagecoach armageddon","a touching display of a pioneer and a butler who must chase a car in california",112,R,english,1,action,3828
838,"stagecoach armageddon","a touching display of a pioneer and a butler who must chase a car in california",112,R,english,1,action,3829
838,"stagecoach armageddon","a touching display of a pioneer and a butler who must chase a car in california",112,R,english,1,action,3830
850,"story side","a lacklusture saga of a boy and a cat who must sink a dentist in an abandoned mine shaft",163,R,english,1,action,3889
850,"story side","a lacklusture saga of a boy and a cat who must sink a dentist in an abandoned mine shaft",163,R,english,1,action,3890
850,"story side","a lacklusture saga of a boy and a cat who must sink a dentist in an abandoned mine shaft",163,R,english,1,action,3891
850,"story side","a lacklusture saga of a boy and a cat who must sink a dentist in an abandoned mine shaft",163,R,english,1,action,3892
850,"story side","a lacklusture saga of a boy and a cat who must sink a dentist in an abandoned mine shaft",163,R,english,1,action,3893
850,"story side","a lacklusture saga of a boy and a cat who must sink a dentist in an abandoned mine shaft",163,R,english,1,action,3894
850,"story side","a lacklusture saga of a boy and a cat who must sink a dentist in an abandoned mine shaft",163,R,english,1,action,3895
869,"suspects quills","a emotional epistle of a pioneer and a crocodile who must battle a man in a manhattan penthouse",47,PG,english,1,action,3984
869,"suspects quills","a emotional epistle of a pioneer and a crocodile who must battle a man in a manhattan penthouse",47,PG,english,1,action,3985
869,"suspects quills","a emotional epistle of a pioneer and a crocodile who must battle a man in a manhattan penthouse",47,PG,english,1,action,3986
869,"suspects quills","a emotional epistle of a pioneer and a crocodile who must battle a man in a manhattan penthouse",47,PG,english,1,action,3987
869,"suspects quills","a emotional epistle of a pioneer and a crocodile who must battle a man in a manhattan penthouse",47,PG,english,1,action,3988
869,"suspects quills","a emotional epistle of a pioneer and a crocodile who must battle a man in a manhattan penthouse",47,PG,english,1,action,3989
869,"suspects quills","a emotional epistle of a pioneer and a crocodile who must battle a man in a manhattan penthouse",47,PG,english,1,action,3990
911,"trip newton","a fanciful character study of a lumberjack and a car who must discover a cat in an abandoned amusement park",64,PG-13,english,1,action,4181
911,"trip newton","a fanciful character study of a lumberjack and a car who must discover a cat in an abandoned amusement park",64,PG-13,english,1,action,4182
911,"trip newton","a fanciful character study of a lumberjack and a car who must discover a cat in an abandoned amusement park",64,PG-13,english,1,action,4183
911,"trip newton","a fanciful character study of a lumberjack and a car who must discover a cat in an abandoned amusement park",64,PG-13,english,1,action,4184
911,"trip newton","a fanciful character study of a lumberjack and a car who must discover a cat in an abandoned amusement park",64,PG-13,english,1,action,4185
911,"trip newton","a fanciful character study of a lumberjack and a car who must discover a cat in an abandoned amusement park",64,PG-13,english,1,action,4186
911,"trip newton","a fanciful character study of a lumberjack and a car who must discover a cat in an abandoned amusement park",64,PG-13,english,1,action,4187
911,"trip newton","a fanciful character study of a lumberjack and a car who must discover a cat in an abandoned amusement park",64,PG-13,english,1,action,4188
915,"truman crazy","a thrilling epistle of a moose and a boy who must meet a database administrator in a monastery",92,G,english,1,action,4207
915,"truman crazy","a thrilling epistle of a moose and a boy who must meet a database administrator in a monastery",92,G,english,1,action,4208
915,"truman crazy","a thrilling epistle of a moose and a boy who must meet a database administrator in a monastery",92,G,english,1,action,4209
915,"truman crazy","a thrilling epistle of a moose and a boy who must meet a database administrator in a monastery",92,G,english,1,action,4210
915,"truman crazy","a thrilling epistle of a moose and a boy who must meet a database administrator in a monastery",92,G,english,1,action,4211
915,"truman crazy","a thrilling epistle of a moose and a boy who must meet a database administrator in a monastery",92,G,english,1,action,4212
927,"uprising uptown","a fanciful reflection of a boy and a butler who must pursue a woman in berlin",174,NC-17,english,1,action,4261
927,"uprising uptown","a fanciful reflection of a boy and a butler who must pursue a woman in berlin",174,NC-17,english,1,action,4262
927,"uprising uptown","a fanciful reflection of a boy and a butler who must pursue a woman in berlin",174,NC-17,english,1,action,4263
927,"uprising uptown","a fanciful reflection of a boy and a butler who must pursue a woman in berlin",174,NC-17,english,1,action,4264
964,"waterfront deliverance","a unbelieveable documentary of a dentist and a technical writer who must build a womanizer in nigeria",61,G,english,1,action,4409
964,"waterfront deliverance","a unbelieveable documentary of a dentist and a technical writer who must build a womanizer in nigeria",61,G,english,1,action,4410
964,"waterfront deliverance","a unbelieveable documentary of a dentist and a technical writer who must build a womanizer in nigeria",61,G,english,1,action,4411
964,"waterfront deliverance","a unbelieveable documentary of a dentist and a technical writer who must build a womanizer in nigeria",61,G,english,1,action,4412
964,"waterfront deliverance","a unbelieveable documentary of a dentist and a technical writer who must build a womanizer in nigeria",61,G,english,1,action,4413
968,"werewolf lola","a fanciful story of a man and a sumo wrestler who must outrace a student in a monastery",79,G,english,1,action,4427
968,"werewolf lola","a fanciful story of a man and a sumo wrestler who must outrace a student in a monastery",79,G,english,1,action,4428
968,"werewolf lola","a fanciful story of a man and a sumo wrestler who must outrace a student in a monastery",79,G,english,1,action,4429
982,"women dorado","a insightful documentary of a waitress and a butler who must vanquish a composer in australia",126,R,english,1,action,4496
982,"women dorado","a insightful documentary of a waitress and a butler who must vanquish a composer in australia",126,R,english,1,action,4497
982,"women dorado","a insightful documentary of a waitress and a butler who must vanquish a composer in australia",126,R,english,1,action,4498
982,"women dorado","a insightful documentary of a waitress and a butler who must vanquish a composer in australia",126,R,english,1,action,4499
982,"women dorado","a insightful documentary of a waitress and a butler who must vanquish a composer in australia",126,R,english,1,action,4500
982,"women dorado","a insightful documentary of a waitress and a butler who must vanquish a composer in australia",126,R,english,1,action,4501
982,"women dorado","a insightful documentary of a waitress and a butler who must vanquish a composer in australia",126,R,english,1,action,4502
991,"worst banger","a thrilling drama of a madman and a dentist who must conquer a boy in the outback",185,PG,english,1,action,4538
991,"worst banger","a thrilling drama of a madman and a dentist who must conquer a boy in the outback",185,PG,english,1,action,4539
991,"worst banger","a thrilling drama of a madman and a dentist who must conquer a boy in the outback",185,PG,english,1,action,4540
991,"worst banger","a thrilling drama of a madman and a dentist who must conquer a boy in the outback",185,PG,english,1,action,4541
991,"worst banger","a thrilling drama of a madman and a dentist who must conquer a boy in the outback",185,PG,english,1,action,4542
18,"alter victory","a thoughtful drama of a composer and a feminist who must meet a secret agent in the canadian rockies",57,PG-13,english,2,animation,87
18,"alter victory","a thoughtful drama of a composer and a feminist who must meet a secret agent in the canadian rockies",57,PG-13,english,2,animation,88
18,"alter victory","a thoughtful drama of a composer and a feminist who must meet a secret agent in the canadian rockies",57,PG-13,english,2,animation,89
18,"alter victory","a thoughtful drama of a composer and a feminist who must meet a secret agent in the canadian rockies",57,PG-13,english,2,animation,90
18,"alter victory","a thoughtful drama of a composer and a feminist who must meet a secret agent in the canadian rockies",57,PG-13,english,2,animation,91
18,"alter victory","a thoughtful drama of a composer and a feminist who must meet a secret agent in the canadian rockies",57,PG-13,english,2,animation,92
23,"anaconda confessions","a lacklusture display of a dentist and a dentist who must fight a girl in australia",92,R,english,2,animation,115
23,"anaconda confessions","a lacklusture display of a dentist and a dentist who must fight a girl in australia",92,R,english,2,animation,116
23,"anaconda confessions","a lacklusture display of a dentist and a dentist who must fight a girl in australia",92,R,english,2,animation,117
23,"anaconda confessions","a lacklusture display of a dentist and a dentist who must fight a girl in australia",92,R,english,2,animation,118
23,"anaconda confessions","a lacklusture display of a dentist and a dentist who must fight a girl in australia",92,R,english,2,animation,119
36,"argonauts town","a emotional epistle of a forensic psychologist and a butler who must challenge a waitress in an abandoned mine shaft",127,PG-13,english,2,animation,NULL
70,"bikini borrowers","a astounding drama of a astronaut and a cat who must discover a woman in the first manned space station",142,NC-17,english,2,animation,312
70,"bikini borrowers","a astounding drama of a astronaut and a cat who must discover a woman in the first manned space station",142,NC-17,english,2,animation,313
70,"bikini borrowers","a astounding drama of a astronaut and a cat who must discover a woman in the first manned space station",142,NC-17,english,2,animation,314
70,"bikini borrowers","a astounding drama of a astronaut and a cat who must discover a woman in the first manned space station",142,NC-17,english,2,animation,315
78,"blackout private","a intrepid yarn of a pastry chef and a mad scientist who must challenge a secret agent in ancient japan",85,PG,english,2,animation,351
78,"blackout private","a intrepid yarn of a pastry chef and a mad scientist who must challenge a secret agent in ancient japan",85,PG,english,2,animation,352
78,"blackout private","a intrepid yarn of a pastry chef and a mad scientist who must challenge a secret agent in ancient japan",85,PG,english,2,animation,353
78,"blackout private","a intrepid yarn of a pastry chef and a mad scientist who must challenge a secret agent in ancient japan",85,PG,english,2,animation,354
78,"blackout private","a intrepid yarn of a pastry chef and a mad scientist who must challenge a secret agent in ancient japan",85,PG,english,2,animation,355
78,"blackout private","a intrepid yarn of a pastry chef and a mad scientist who must challenge a secret agent in ancient japan",85,PG,english,2,animation,356
78,"blackout private","a intrepid yarn of a pastry chef and a mad scientist who must challenge a secret agent in ancient japan",85,PG,english,2,animation,357
89,"borrowers bedazzled","a brilliant epistle of a teacher and a sumo wrestler who must defeat a man in an abandoned fun house",63,G,english,2,animation,399
89,"borrowers bedazzled","a brilliant epistle of a teacher and a sumo wrestler who must defeat a man in an abandoned fun house",63,G,english,2,animation,400
89,"borrowers bedazzled","a brilliant epistle of a teacher and a sumo wrestler who must defeat a man in an abandoned fun house",63,G,english,2,animation,401
89,"borrowers bedazzled","a brilliant epistle of a teacher and a sumo wrestler who must defeat a man in an abandoned fun house",63,G,english,2,animation,402
89,"borrowers bedazzled","a brilliant epistle of a teacher and a sumo wrestler who must defeat a man in an abandoned fun house",63,G,english,2,animation,403
89,"borrowers bedazzled","a brilliant epistle of a teacher and a sumo wrestler who must defeat a man in an abandoned fun house",63,G,english,2,animation,404
118,"canyon stock","a thoughtful reflection of a waitress and a feminist who must escape a squirrel in a manhattan penthouse",85,R,english,2,animation,538
118,"canyon stock","a thoughtful reflection of a waitress and a feminist who must escape a squirrel in a manhattan penthouse",85,R,english,2,animation,539
118,"canyon stock","a thoughtful reflection of a waitress and a feminist who must escape a squirrel in a manhattan penthouse",85,R,english,2,animation,540
118,"canyon stock","a thoughtful reflection of a waitress and a feminist who must escape a squirrel in a manhattan penthouse",85,R,english,2,animation,541
118,"canyon stock","a thoughtful reflection of a waitress and a feminist who must escape a squirrel in a manhattan penthouse",85,R,english,2,animation,542
118,"canyon stock","a thoughtful reflection of a waitress and a feminist who must escape a squirrel in a manhattan penthouse",85,R,english,2,animation,543
121,"carol texas","a astounding character study of a composer and a student who must overcome a composer in a monastery",151,PG,english,2,animation,554
121,"carol texas","a astounding character study of a composer and a student who must overcome a composer in a monastery",151,PG,english,2,animation,555
121,"carol texas","a astounding character study of a composer and a student who must overcome a composer in a monastery",151,PG,english,2,animation,556
121,"carol texas","a astounding character study of a composer and a student who must overcome a composer in a monastery",151,PG,english,2,animation,557
121,"carol texas","a astounding character study of a composer and a student who must overcome a composer in a monastery",151,PG,english,2,animation,558
121,"carol texas","a astounding character study of a composer and a student who must overcome a composer in a monastery",151,PG,english,2,animation,559
134,"champion flatliners","a amazing story of a mad cow and a dog who must kill a husband in a monastery",51,PG,english,2,animation,616
134,"champion flatliners","a amazing story of a mad cow and a dog who must kill a husband in a monastery",51,PG,english,2,animation,617
134,"champion flatliners","a amazing story of a mad cow and a dog who must kill a husband in a monastery",51,PG,english,2,animation,618
154,"clash freddy","a amazing yarn of a composer and a squirrel who must escape a astronaut in australia",81,G,english,2,animation,702
154,"clash freddy","a amazing yarn of a composer and a squirrel who must escape a astronaut in australia",81,G,english,2,animation,703
154,"clash freddy","a amazing yarn of a composer and a squirrel who must escape a astronaut in australia",81,G,english,2,animation,704
154,"clash freddy","a amazing yarn of a composer and a squirrel who must escape a astronaut in australia",81,G,english,2,animation,705
154,"clash freddy","a amazing yarn of a composer and a squirrel who must escape a astronaut in australia",81,G,english,2,animation,706
154,"clash freddy","a amazing yarn of a composer and a squirrel who must escape a astronaut in australia",81,G,english,2,animation,707
154,"clash freddy","a amazing yarn of a composer and a squirrel who must escape a astronaut in australia",81,G,english,2,animation,708
160,"club graffiti","a epic tale of a pioneer and a hunter who must escape a girl in a u-boat",65,PG-13,english,2,animation,731
160,"club graffiti","a epic tale of a pioneer and a hunter who must escape a girl in a u-boat",65,PG-13,english,2,animation,732
160,"club graffiti","a epic tale of a pioneer and a hunter who must escape a girl in a u-boat",65,PG-13,english,2,animation,733
160,"club graffiti","a epic tale of a pioneer and a hunter who must escape a girl in a u-boat",65,PG-13,english,2,animation,734
160,"club graffiti","a epic tale of a pioneer and a hunter who must escape a girl in a u-boat",65,PG-13,english,2,animation,735
193,"crossroads casualties","a intrepid documentary of a sumo wrestler and a astronaut who must battle a composer in the outback",153,G,english,2,animation,873
193,"crossroads casualties","a intrepid documentary of a sumo wrestler and a astronaut who must battle a composer in the outback",153,G,english,2,animation,874
193,"crossroads casualties","a intrepid documentary of a sumo wrestler and a astronaut who must battle a composer in the outback",153,G,english,2,animation,875
193,"crossroads casualties","a intrepid documentary of a sumo wrestler and a astronaut who must battle a composer in the outback",153,G,english,2,animation,876
193,"crossroads casualties","a intrepid documentary of a sumo wrestler and a astronaut who must battle a composer in the outback",153,G,english,2,animation,877
193,"crossroads casualties","a intrepid documentary of a sumo wrestler and a astronaut who must battle a composer in the outback",153,G,english,2,animation,878
193,"crossroads casualties","a intrepid documentary of a sumo wrestler and a astronaut who must battle a composer in the outback",153,G,english,2,animation,879
193,"crossroads casualties","a intrepid documentary of a sumo wrestler and a astronaut who must battle a composer in the outback",153,G,english,2,animation,880
208,"dares pluto","a fateful story of a robot and a dentist who must defeat a astronaut in new orleans",89,PG-13,english,2,animation,938
208,"dares pluto","a fateful story of a robot and a dentist who must defeat a astronaut in new orleans",89,PG-13,english,2,animation,939
208,"dares pluto","a fateful story of a robot and a dentist who must defeat a astronaut in new orleans",89,PG-13,english,2,animation,940
223,"desire alien","a fast-paced tale of a dog and a forensic psychologist who must meet a astronaut in the first manned space station",76,NC-17,english,2,animation,999
223,"desire alien","a fast-paced tale of a dog and a forensic psychologist who must meet a astronaut in the first manned space station",76,NC-17,english,2,animation,1000
239,"dogma family","a brilliant character study of a database administrator and a monkey who must succumb a astronaut in new orleans",122,G,english,2,animation,1069
239,"dogma family","a brilliant character study of a database administrator and a monkey who must succumb a astronaut in new orleans",122,G,english,2,animation,1070
239,"dogma family","a brilliant character study of a database administrator and a monkey who must succumb a astronaut in new orleans",122,G,english,2,animation,1071
239,"dogma family","a brilliant character study of a database administrator and a monkey who must succumb a astronaut in new orleans",122,G,english,2,animation,1072
239,"dogma family","a brilliant character study of a database administrator and a monkey who must succumb a astronaut in new orleans",122,G,english,2,animation,1073
239,"dogma family","a brilliant character study of a database administrator and a monkey who must succumb a astronaut in new orleans",122,G,english,2,animation,1074
239,"dogma family","a brilliant character study of a database administrator and a monkey who must succumb a astronaut in new orleans",122,G,english,2,animation,1075
239,"dogma family","a brilliant character study of a database administrator and a monkey who must succumb a astronaut in new orleans",122,G,english,2,animation,1076
241,"donnie alley","a awe-inspiring tale of a butler and a frisbee who must vanquish a teacher in ancient japan",125,NC-17,english,2,animation,1080
241,"donnie alley","a awe-inspiring tale of a butler and a frisbee who must vanquish a teacher in ancient japan",125,NC-17,english,2,animation,1081
241,"donnie alley","a awe-inspiring tale of a butler and a frisbee who must vanquish a teacher in ancient japan",125,NC-17,english,2,animation,1082
241,"donnie alley","a awe-inspiring tale of a butler and a frisbee who must vanquish a teacher in ancient japan",125,NC-17,english,2,animation,1083
243,"doors president","a awe-inspiring display of a squirrel and a woman who must overcome a boy in the gulf of mexico",49,NC-17,english,2,animation,1089
243,"doors president","a awe-inspiring display of a squirrel and a woman who must overcome a boy in the gulf of mexico",49,NC-17,english,2,animation,1090
243,"doors president","a awe-inspiring display of a squirrel and a woman who must overcome a boy in the gulf of mexico",49,NC-17,english,2,animation,1091
243,"doors president","a awe-inspiring display of a squirrel and a woman who must overcome a boy in the gulf of mexico",49,NC-17,english,2,animation,1092
243,"doors president","a awe-inspiring display of a squirrel and a woman who must overcome a boy in the gulf of mexico",49,NC-17,english,2,animation,1093
243,"doors president","a awe-inspiring display of a squirrel and a woman who must overcome a boy in the gulf of mexico",49,NC-17,english,2,animation,1094
245,"double wrath","a thoughtful yarn of a womanizer and a dog who must challenge a madman in the gulf of mexico",177,R,english,2,animation,1102
245,"double wrath","a thoughtful yarn of a womanizer and a dog who must challenge a madman in the gulf of mexico",177,R,english,2,animation,1103
245,"double wrath","a thoughtful yarn of a womanizer and a dog who must challenge a madman in the gulf of mexico",177,R,english,2,animation,1104
245,"double wrath","a thoughtful yarn of a womanizer and a dog who must challenge a madman in the gulf of mexico",177,R,english,2,animation,1105
245,"double wrath","a thoughtful yarn of a womanizer and a dog who must challenge a madman in the gulf of mexico",177,R,english,2,animation,1106
245,"double wrath","a thoughtful yarn of a womanizer and a dog who must challenge a madman in the gulf of mexico",177,R,english,2,animation,1107
245,"double wrath","a thoughtful yarn of a womanizer and a dog who must challenge a madman in the gulf of mexico",177,R,english,2,animation,1108
259,"duck racer","a lacklusture yarn of a teacher and a squirrel who must overcome a dog in a shark tank",116,NC-17,english,2,animation,1169
259,"duck racer","a lacklusture yarn of a teacher and a squirrel who must overcome a dog in a shark tank",116,NC-17,english,2,animation,1170
268,"early home","a amazing panorama of a mad scientist and a husband who must meet a woman in the outback",96,NC-17,english,2,animation,1206
268,"early home","a amazing panorama of a mad scientist and a husband who must meet a woman in the outback",96,NC-17,english,2,animation,1207
300,"falcon volume","a fateful saga of a sumo wrestler and a hunter who must redeem a a shark in new orleans",102,PG-13,english,2,animation,1358
300,"falcon volume","a fateful saga of a sumo wrestler and a hunter who must redeem a a shark in new orleans",102,PG-13,english,2,animation,1359
300,"falcon volume","a fateful saga of a sumo wrestler and a hunter who must redeem a a shark in new orleans",102,PG-13,english,2,animation,1360
300,"falcon volume","a fateful saga of a sumo wrestler and a hunter who must redeem a a shark in new orleans",102,PG-13,english,2,animation,1361
300,"falcon volume","a fateful saga of a sumo wrestler and a hunter who must redeem a a shark in new orleans",102,PG-13,english,2,animation,1362
300,"falcon volume","a fateful saga of a sumo wrestler and a hunter who must redeem a a shark in new orleans",102,PG-13,english,2,animation,1363
314,"fight jawbreaker","a intrepid panorama of a womanizer and a girl who must escape a girl in a manhattan penthouse",91,R,english,2,animation,1434
314,"fight jawbreaker","a intrepid panorama of a womanizer and a girl who must escape a girl in a manhattan penthouse",91,R,english,2,animation,1435
314,"fight jawbreaker","a intrepid panorama of a womanizer and a girl who must escape a girl in a manhattan penthouse",91,R,english,2,animation,1436
314,"fight jawbreaker","a intrepid panorama of a womanizer and a girl who must escape a girl in a manhattan penthouse",91,R,english,2,animation,1437
314,"fight jawbreaker","a intrepid panorama of a womanizer and a girl who must escape a girl in a manhattan penthouse",91,R,english,2,animation,1438
314,"fight jawbreaker","a intrepid panorama of a womanizer and a girl who must escape a girl in a manhattan penthouse",91,R,english,2,animation,1439
325,"floats garden","a action-packed epistle of a robot and a car who must chase a boat in ancient japan",145,PG-13,english,2,animation,NULL
326,"flying hook","a thrilling display of a mad cow and a dog who must challenge a frisbee in nigeria",69,NC-17,english,2,animation,1485
326,"flying hook","a thrilling display of a mad cow and a dog who must challenge a frisbee in nigeria",69,NC-17,english,2,animation,1486
326,"flying hook","a thrilling display of a mad cow and a dog who must challenge a frisbee in nigeria",69,NC-17,english,2,animation,1487
326,"flying hook","a thrilling display of a mad cow and a dog who must challenge a frisbee in nigeria",69,NC-17,english,2,animation,1488
326,"flying hook","a thrilling display of a mad cow and a dog who must challenge a frisbee in nigeria",69,NC-17,english,2,animation,1489
326,"flying hook","a thrilling display of a mad cow and a dog who must challenge a frisbee in nigeria",69,NC-17,english,2,animation,1490
330,"forrester comancheros","a fateful tale of a squirrel and a forensic psychologist who must redeem a man in nigeria",112,NC-17,english,2,animation,1507
330,"forrester comancheros","a fateful tale of a squirrel and a forensic psychologist who must redeem a man in nigeria",112,NC-17,english,2,animation,1508
330,"forrester comancheros","a fateful tale of a squirrel and a forensic psychologist who must redeem a man in nigeria",112,NC-17,english,2,animation,1509
330,"forrester comancheros","a fateful tale of a squirrel and a forensic psychologist who must redeem a man in nigeria",112,NC-17,english,2,animation,1510
330,"forrester comancheros","a fateful tale of a squirrel and a forensic psychologist who must redeem a man in nigeria",112,NC-17,english,2,animation,1511
330,"forrester comancheros","a fateful tale of a squirrel and a forensic psychologist who must redeem a man in nigeria",112,NC-17,english,2,animation,1512
330,"forrester comancheros","a fateful tale of a squirrel and a forensic psychologist who must redeem a man in nigeria",112,NC-17,english,2,animation,1513
349,"gangs pride","a taut character study of a woman and a a shark who must confront a frisbee in berlin",185,PG-13,english,2,animation,1589
349,"gangs pride","a taut character study of a woman and a a shark who must confront a frisbee in berlin",185,PG-13,english,2,animation,1590
349,"gangs pride","a taut character study of a woman and a a shark who must confront a frisbee in berlin",185,PG-13,english,2,animation,1591
349,"gangs pride","a taut character study of a woman and a a shark who must confront a frisbee in berlin",185,PG-13,english,2,animation,1592
349,"gangs pride","a taut character study of a woman and a a shark who must confront a frisbee in berlin",185,PG-13,english,2,animation,1593
349,"gangs pride","a taut character study of a woman and a a shark who must confront a frisbee in berlin",185,PG-13,english,2,animation,1594
349,"gangs pride","a taut character study of a woman and a a shark who must confront a frisbee in berlin",185,PG-13,english,2,animation,1595
355,"ghostbusters elf","a thoughtful epistle of a dog and a feminist who must chase a composer in berlin",101,R,english,2,animation,1625
355,"ghostbusters elf","a thoughtful epistle of a dog and a feminist who must chase a composer in berlin",101,R,english,2,animation,1626
402,"harper dying","a awe-inspiring reflection of a woman and a cat who must confront a feminist in the sahara desert",52,G,english,2,animation,1843
402,"harper dying","a awe-inspiring reflection of a woman and a cat who must confront a feminist in the sahara desert",52,G,english,2,animation,1844
402,"harper dying","a awe-inspiring reflection of a woman and a cat who must confront a feminist in the sahara desert",52,G,english,2,animation,1845
402,"harper dying","a awe-inspiring reflection of a woman and a cat who must confront a feminist in the sahara desert",52,G,english,2,animation,1846
402,"harper dying","a awe-inspiring reflection of a woman and a cat who must confront a feminist in the sahara desert",52,G,english,2,animation,1847
402,"harper dying","a awe-inspiring reflection of a woman and a cat who must confront a feminist in the sahara desert",52,G,english,2,animation,1848
430,"hook chariots","a insightful story of a boy and a dog who must redeem a boy in australia",49,G,english,2,animation,1972
430,"hook chariots","a insightful story of a boy and a dog who must redeem a boy in australia",49,G,english,2,animation,1973
430,"hook chariots","a insightful story of a boy and a dog who must redeem a boy in australia",49,G,english,2,animation,1974
430,"hook chariots","a insightful story of a boy and a dog who must redeem a boy in australia",49,G,english,2,animation,1975
433,"horn working","a stunning display of a mad scientist and a technical writer who must succumb a monkey in a shark tank",95,PG,english,2,animation,1984
433,"horn working","a stunning display of a mad scientist and a technical writer who must succumb a monkey in a shark tank",95,PG,english,2,animation,1985
433,"horn working","a stunning display of a mad scientist and a technical writer who must succumb a monkey in a shark tank",95,PG,english,2,animation,1986
433,"horn working","a stunning display of a mad scientist and a technical writer who must succumb a monkey in a shark tank",95,PG,english,2,animation,1987
433,"horn working","a stunning display of a mad scientist and a technical writer who must succumb a monkey in a shark tank",95,PG,english,2,animation,1988
433,"horn working","a stunning display of a mad scientist and a technical writer who must succumb a monkey in a shark tank",95,PG,english,2,animation,1989
456,"inch jet","a fateful saga of a womanizer and a student who must defeat a butler in a monastery",167,NC-17,english,2,animation,2100
456,"inch jet","a fateful saga of a womanizer and a student who must defeat a butler in a monastery",167,NC-17,english,2,animation,2101
456,"inch jet","a fateful saga of a womanizer and a student who must defeat a butler in a monastery",167,NC-17,english,2,animation,2102
456,"inch jet","a fateful saga of a womanizer and a student who must defeat a butler in a monastery",167,NC-17,english,2,animation,2103
456,"inch jet","a fateful saga of a womanizer and a student who must defeat a butler in a monastery",167,NC-17,english,2,animation,2104
456,"inch jet","a fateful saga of a womanizer and a student who must defeat a butler in a monastery",167,NC-17,english,2,animation,2105
461,"insects stone","a epic display of a butler and a dog who must vanquish a crocodile in a manhattan penthouse",123,NC-17,english,2,animation,2128
461,"insects stone","a epic display of a butler and a dog who must vanquish a crocodile in a manhattan penthouse",123,NC-17,english,2,animation,2129
461,"insects stone","a epic display of a butler and a dog who must vanquish a crocodile in a manhattan penthouse",123,NC-17,english,2,animation,2130
461,"insects stone","a epic display of a butler and a dog who must vanquish a crocodile in a manhattan penthouse",123,NC-17,english,2,animation,2131
461,"insects stone","a epic display of a butler and a dog who must vanquish a crocodile in a manhattan penthouse",123,NC-17,english,2,animation,2132
461,"insects stone","a epic display of a butler and a dog who must vanquish a crocodile in a manhattan penthouse",123,NC-17,english,2,animation,2133
464,"intentions empire","a astounding epistle of a cat and a cat who must conquer a mad cow in a u-boat",107,PG-13,english,2,animation,2144
464,"intentions empire","a astounding epistle of a cat and a cat who must conquer a mad cow in a u-boat",107,PG-13,english,2,animation,2145
464,"intentions empire","a astounding epistle of a cat and a cat who must conquer a mad cow in a u-boat",107,PG-13,english,2,animation,2146
464,"intentions empire","a astounding epistle of a cat and a cat who must conquer a mad cow in a u-boat",107,PG-13,english,2,animation,2147
464,"intentions empire","a astounding epistle of a cat and a cat who must conquer a mad cow in a u-boat",107,PG-13,english,2,animation,2148
464,"intentions empire","a astounding epistle of a cat and a cat who must conquer a mad cow in a u-boat",107,PG-13,english,2,animation,2149
464,"intentions empire","a astounding epistle of a cat and a cat who must conquer a mad cow in a u-boat",107,PG-13,english,2,animation,2150
470,"ishtar rocketeer","a astounding saga of a dog and a squirrel who must conquer a dog in an abandoned fun house",79,R,english,2,animation,2176
470,"ishtar rocketeer","a astounding saga of a dog and a squirrel who must conquer a dog in an abandoned fun house",79,R,english,2,animation,2177
489,"juggler hardly","a epic story of a mad cow and a astronaut who must challenge a car in california",54,PG-13,english,2,animation,2260
489,"juggler hardly","a epic story of a mad cow and a astronaut who must challenge a car in california",54,PG-13,english,2,animation,2261
489,"juggler hardly","a epic story of a mad cow and a astronaut who must challenge a car in california",54,PG-13,english,2,animation,2262
489,"juggler hardly","a epic story of a mad cow and a astronaut who must challenge a car in california",54,PG-13,english,2,animation,2263
489,"juggler hardly","a epic story of a mad cow and a astronaut who must challenge a car in california",54,PG-13,english,2,animation,2264
489,"juggler hardly","a epic story of a mad cow and a astronaut who must challenge a car in california",54,PG-13,english,2,animation,2265
489,"juggler hardly","a epic story of a mad cow and a astronaut who must challenge a car in california",54,PG-13,english,2,animation,2266
489,"juggler hardly","a epic story of a mad cow and a astronaut who must challenge a car in california",54,PG-13,english,2,animation,2267
510,"lawless vision","a insightful yarn of a boy and a sumo wrestler who must outgun a car in the outback",181,G,english,2,animation,2343
510,"lawless vision","a insightful yarn of a boy and a sumo wrestler who must outgun a car in the outback",181,G,english,2,animation,2344
510,"lawless vision","a insightful yarn of a boy and a sumo wrestler who must outgun a car in the outback",181,G,english,2,animation,2345
510,"lawless vision","a insightful yarn of a boy and a sumo wrestler who must outgun a car in the outback",181,G,english,2,animation,2346
541,"luke mummy","a taut character study of a boy and a robot who must redeem a mad scientist in ancient india",74,NC-17,english,2,animation,2470
541,"luke mummy","a taut character study of a boy and a robot who must redeem a mad scientist in ancient india",74,NC-17,english,2,animation,2471
564,"massage image","a fateful drama of a frisbee and a crocodile who must vanquish a dog in the first manned space station",161,PG,english,2,animation,2576
564,"massage image","a fateful drama of a frisbee and a crocodile who must vanquish a dog in the first manned space station",161,PG,english,2,animation,2577
564,"massage image","a fateful drama of a frisbee and a crocodile who must vanquish a dog in the first manned space station",161,PG,english,2,animation,2578
569,"menagerie rushmore","a unbelieveable panorama of a composer and a butler who must overcome a database administrator in the first manned space station",147,G,english,2,animation,2591
569,"menagerie rushmore","a unbelieveable panorama of a composer and a butler who must overcome a database administrator in the first manned space station",147,G,english,2,animation,2592
582,"miracle virtual","a touching epistle of a butler and a boy who must find a mad scientist in the sahara desert",162,PG-13,english,2,animation,2654
582,"miracle virtual","a touching epistle of a butler and a boy who must find a mad scientist in the sahara desert",162,PG-13,english,2,animation,2655
583,"mission zoolander","a intrepid story of a sumo wrestler and a teacher who must meet a a shark in an abandoned fun house",164,PG-13,english,2,animation,2656
583,"mission zoolander","a intrepid story of a sumo wrestler and a teacher who must meet a a shark in an abandoned fun house",164,PG-13,english,2,animation,2657
583,"mission zoolander","a intrepid story of a sumo wrestler and a teacher who must meet a a shark in an abandoned fun house",164,PG-13,english,2,animation,2658
583,"mission zoolander","a intrepid story of a sumo wrestler and a teacher who must meet a a shark in an abandoned fun house",164,PG-13,english,2,animation,2659
583,"mission zoolander","a intrepid story of a sumo wrestler and a teacher who must meet a a shark in an abandoned fun house",164,PG-13,english,2,animation,2660
615,"nash chocolat","a epic reflection of a monkey and a mad cow who must kill a forensic psychologist in an abandoned mine shaft",180,PG-13,english,2,animation,2800
615,"nash chocolat","a epic reflection of a monkey and a mad cow who must kill a forensic psychologist in an abandoned mine shaft",180,PG-13,english,2,animation,2801
615,"nash chocolat","a epic reflection of a monkey and a mad cow who must kill a forensic psychologist in an abandoned mine shaft",180,PG-13,english,2,animation,2802
615,"nash chocolat","a epic reflection of a monkey and a mad cow who must kill a forensic psychologist in an abandoned mine shaft",180,PG-13,english,2,animation,2803
644,"oscar gold","a insightful tale of a database administrator and a dog who must face a madman in soviet georgia",115,PG,english,2,animation,2928
644,"oscar gold","a insightful tale of a database administrator and a dog who must face a madman in soviet georgia",115,PG,english,2,animation,2929
644,"oscar gold","a insightful tale of a database administrator and a dog who must face a madman in soviet georgia",115,PG,english,2,animation,2930
644,"oscar gold","a insightful tale of a database administrator and a dog who must face a madman in soviet georgia",115,PG,english,2,animation,2931
644,"oscar gold","a insightful tale of a database administrator and a dog who must face a madman in soviet georgia",115,PG,english,2,animation,2932
644,"oscar gold","a insightful tale of a database administrator and a dog who must face a madman in soviet georgia",115,PG,english,2,animation,2933
644,"oscar gold","a insightful tale of a database administrator and a dog who must face a madman in soviet georgia",115,PG,english,2,animation,2934
649,"oz liaisons","a epic yarn of a mad scientist and a cat who must confront a womanizer in a baloon factory",85,R,english,2,animation,2958
649,"oz liaisons","a epic yarn of a mad scientist and a cat who must confront a womanizer in a baloon factory",85,R,english,2,animation,2959
649,"oz liaisons","a epic yarn of a mad scientist and a cat who must confront a womanizer in a baloon factory",85,R,english,2,animation,2960
649,"oz liaisons","a epic yarn of a mad scientist and a cat who must confront a womanizer in a baloon factory",85,R,english,2,animation,2961
649,"oz liaisons","a epic yarn of a mad scientist and a cat who must confront a womanizer in a baloon factory",85,R,english,2,animation,2962
649,"oz liaisons","a epic yarn of a mad scientist and a cat who must confront a womanizer in a baloon factory",85,R,english,2,animation,2963
651,"packer madigan","a epic display of a sumo wrestler and a forensic psychologist who must build a woman in an abandoned amusement park",84,PG-13,english,2,animation,2970
651,"packer madigan","a epic display of a sumo wrestler and a forensic psychologist who must build a woman in an abandoned amusement park",84,PG-13,english,2,animation,2971
651,"packer madigan","a epic display of a sumo wrestler and a forensic psychologist who must build a woman in an abandoned amusement park",84,PG-13,english,2,animation,2972
651,"packer madigan","a epic display of a sumo wrestler and a forensic psychologist who must build a woman in an abandoned amusement park",84,PG-13,english,2,animation,2973
651,"packer madigan","a epic display of a sumo wrestler and a forensic psychologist who must build a woman in an abandoned amusement park",84,PG-13,english,2,animation,2974
651,"packer madigan","a epic display of a sumo wrestler and a forensic psychologist who must build a woman in an abandoned amusement park",84,PG-13,english,2,animation,2975
690,"pond seattle","a stunning drama of a teacher and a boat who must battle a feminist in ancient china",185,PG-13,english,2,animation,3140
690,"pond seattle","a stunning drama of a teacher and a boat who must battle a feminist in ancient china",185,PG-13,english,2,animation,3141
690,"pond seattle","a stunning drama of a teacher and a boat who must battle a feminist in ancient china",185,PG-13,english,2,animation,3142
690,"pond seattle","a stunning drama of a teacher and a boat who must battle a feminist in ancient china",185,PG-13,english,2,animation,3143
690,"pond seattle","a stunning drama of a teacher and a boat who must battle a feminist in ancient china",185,PG-13,english,2,animation,3144
690,"pond seattle","a stunning drama of a teacher and a boat who must battle a feminist in ancient china",185,PG-13,english,2,animation,3145
692,"potluck mixed","a beautiful story of a dog and a technical writer who must outgun a student in a baloon",179,G,english,2,animation,3151
692,"potluck mixed","a beautiful story of a dog and a technical writer who must outgun a student in a baloon",179,G,english,2,animation,3152
692,"potluck mixed","a beautiful story of a dog and a technical writer who must outgun a student in a baloon",179,G,english,2,animation,3153
693,"potter connecticut","a thrilling epistle of a frisbee and a cat who must fight a technical writer in berlin",115,PG,english,2,animation,3154
693,"potter connecticut","a thrilling epistle of a frisbee and a cat who must fight a technical writer in berlin",115,PG,english,2,animation,3155
693,"potter connecticut","a thrilling epistle of a frisbee and a cat who must fight a technical writer in berlin",115,PG,english,2,animation,3156
693,"potter connecticut","a thrilling epistle of a frisbee and a cat who must fight a technical writer in berlin",115,PG,english,2,animation,3157
693,"potter connecticut","a thrilling epistle of a frisbee and a cat who must fight a technical writer in berlin",115,PG,english,2,animation,3158
696,"pride alamo","a thoughtful drama of a a shark and a forensic psychologist who must vanquish a student in ancient india",114,NC-17,english,2,animation,3167
696,"pride alamo","a thoughtful drama of a a shark and a forensic psychologist who must vanquish a student in ancient india",114,NC-17,english,2,animation,3168
696,"pride alamo","a thoughtful drama of a a shark and a forensic psychologist who must vanquish a student in ancient india",114,NC-17,english,2,animation,3169
696,"pride alamo","a thoughtful drama of a a shark and a forensic psychologist who must vanquish a student in ancient india",114,NC-17,english,2,animation,3170
696,"pride alamo","a thoughtful drama of a a shark and a forensic psychologist who must vanquish a student in ancient india",114,NC-17,english,2,animation,3171
703,"punk divorce","a fast-paced tale of a pastry chef and a boat who must face a frisbee in the canadian rockies",100,PG,english,2,animation,3200
703,"punk divorce","a fast-paced tale of a pastry chef and a boat who must face a frisbee in the canadian rockies",100,PG,english,2,animation,3201
743,"room roman","a awe-inspiring panorama of a composer and a secret agent who must sink a composer in a shark tank",60,PG,english,2,animation,3382
743,"room roman","a awe-inspiring panorama of a composer and a secret agent who must sink a composer in a shark tank",60,PG,english,2,animation,3383
743,"room roman","a awe-inspiring panorama of a composer and a secret agent who must sink a composer in a shark tank",60,PG,english,2,animation,3384
743,"room roman","a awe-inspiring panorama of a composer and a secret agent who must sink a composer in a shark tank",60,PG,english,2,animation,3385
743,"room roman","a awe-inspiring panorama of a composer and a secret agent who must sink a composer in a shark tank",60,PG,english,2,animation,3386
743,"room roman","a awe-inspiring panorama of a composer and a secret agent who must sink a composer in a shark tank",60,PG,english,2,animation,3387
805,"sleepless monsoon","a amazing saga of a moose and a pastry chef who must escape a butler in australia",64,G,english,2,animation,3679
805,"sleepless monsoon","a amazing saga of a moose and a pastry chef who must escape a butler in australia",64,G,english,2,animation,3680
805,"sleepless monsoon","a amazing saga of a moose and a pastry chef who must escape a butler in australia",64,G,english,2,animation,3681
805,"sleepless monsoon","a amazing saga of a moose and a pastry chef who must escape a butler in australia",64,G,english,2,animation,3682
805,"sleepless monsoon","a amazing saga of a moose and a pastry chef who must escape a butler in australia",64,G,english,2,animation,3683
816,"snowman rollercoaster","a fateful display of a lumberjack and a girl who must succumb a mad cow in a manhattan penthouse",62,G,english,2,animation,3730
816,"snowman rollercoaster","a fateful display of a lumberjack and a girl who must succumb a mad cow in a manhattan penthouse",62,G,english,2,animation,3731
816,"snowman rollercoaster","a fateful display of a lumberjack and a girl who must succumb a mad cow in a manhattan penthouse",62,G,english,2,animation,3732
816,"snowman rollercoaster","a fateful display of a lumberjack and a girl who must succumb a mad cow in a manhattan penthouse",62,G,english,2,animation,3733
816,"snowman rollercoaster","a fateful display of a lumberjack and a girl who must succumb a mad cow in a manhattan penthouse",62,G,english,2,animation,3734
816,"snowman rollercoaster","a fateful display of a lumberjack and a girl who must succumb a mad cow in a manhattan penthouse",62,G,english,2,animation,3735
816,"snowman rollercoaster","a fateful display of a lumberjack and a girl who must succumb a mad cow in a manhattan penthouse",62,G,english,2,animation,3736
820,"sons interview","a taut character study of a explorer and a mad cow who must battle a hunter in ancient china",184,NC-17,english,2,animation,3747
820,"sons interview","a taut character study of a explorer and a mad cow who must battle a hunter in ancient china",184,NC-17,english,2,animation,3748
820,"sons interview","a taut character study of a explorer and a mad cow who must battle a hunter in ancient china",184,NC-17,english,2,animation,3749
820,"sons interview","a taut character study of a explorer and a mad cow who must battle a hunter in ancient china",184,NC-17,english,2,animation,3750
820,"sons interview","a taut character study of a explorer and a mad cow who must battle a hunter in ancient china",184,NC-17,english,2,animation,3751
820,"sons interview","a taut character study of a explorer and a mad cow who must battle a hunter in ancient china",184,NC-17,english,2,animation,3752
849,"storm happiness","a insightful drama of a feminist and a a shark who must vanquish a boat in a shark tank",57,NC-17,english,2,animation,3881
849,"storm happiness","a insightful drama of a feminist and a a shark who must vanquish a boat in a shark tank",57,NC-17,english,2,animation,3882
849,"storm happiness","a insightful drama of a feminist and a a shark who must vanquish a boat in a shark tank",57,NC-17,english,2,animation,3883
849,"storm happiness","a insightful drama of a feminist and a a shark who must vanquish a boat in a shark tank",57,NC-17,english,2,animation,3884
849,"storm happiness","a insightful drama of a feminist and a a shark who must vanquish a boat in a shark tank",57,NC-17,english,2,animation,3885
849,"storm happiness","a insightful drama of a feminist and a a shark who must vanquish a boat in a shark tank",57,NC-17,english,2,animation,3886
849,"storm happiness","a insightful drama of a feminist and a a shark who must vanquish a boat in a shark tank",57,NC-17,english,2,animation,3887
849,"storm happiness","a insightful drama of a feminist and a a shark who must vanquish a boat in a shark tank",57,NC-17,english,2,animation,3888
859,"sugar wonka","a touching story of a dentist and a database administrator who must conquer a astronaut in an abandoned amusement park",114,PG,english,2,animation,3939
859,"sugar wonka","a touching story of a dentist and a database administrator who must conquer a astronaut in an abandoned amusement park",114,PG,english,2,animation,3940
859,"sugar wonka","a touching story of a dentist and a database administrator who must conquer a astronaut in an abandoned amusement park",114,PG,english,2,animation,3941
859,"sugar wonka","a touching story of a dentist and a database administrator who must conquer a astronaut in an abandoned amusement park",114,PG,english,2,animation,3942
859,"sugar wonka","a touching story of a dentist and a database administrator who must conquer a astronaut in an abandoned amusement park",114,PG,english,2,animation,3943
859,"sugar wonka","a touching story of a dentist and a database administrator who must conquer a astronaut in an abandoned amusement park",114,PG,english,2,animation,3944
865,"sunrise league","a beautiful epistle of a madman and a butler who must face a crocodile in a manhattan penthouse",135,PG-13,english,2,animation,3969
865,"sunrise league","a beautiful epistle of a madman and a butler who must face a crocodile in a manhattan penthouse",135,PG-13,english,2,animation,3970
865,"sunrise league","a beautiful epistle of a madman and a butler who must face a crocodile in a manhattan penthouse",135,PG-13,english,2,animation,3971
865,"sunrise league","a beautiful epistle of a madman and a butler who must face a crocodile in a manhattan penthouse",135,PG-13,english,2,animation,3972
865,"sunrise league","a beautiful epistle of a madman and a butler who must face a crocodile in a manhattan penthouse",135,PG-13,english,2,animation,3973
865,"sunrise league","a beautiful epistle of a madman and a butler who must face a crocodile in a manhattan penthouse",135,PG-13,english,2,animation,3974
880,"telemark heartbreakers","a action-packed panorama of a technical writer and a man who must build a forensic psychologist in a manhattan penthouse",152,PG-13,english,2,animation,4040
880,"telemark heartbreakers","a action-packed panorama of a technical writer and a man who must build a forensic psychologist in a manhattan penthouse",152,PG-13,english,2,animation,4041
880,"telemark heartbreakers","a action-packed panorama of a technical writer and a man who must build a forensic psychologist in a manhattan penthouse",152,PG-13,english,2,animation,4042
880,"telemark heartbreakers","a action-packed panorama of a technical writer and a man who must build a forensic psychologist in a manhattan penthouse",152,PG-13,english,2,animation,4043
880,"telemark heartbreakers","a action-packed panorama of a technical writer and a man who must build a forensic psychologist in a manhattan penthouse",152,PG-13,english,2,animation,4044
880,"telemark heartbreakers","a action-packed panorama of a technical writer and a man who must build a forensic psychologist in a manhattan penthouse",152,PG-13,english,2,animation,4045
880,"telemark heartbreakers","a action-packed panorama of a technical writer and a man who must build a forensic psychologist in a manhattan penthouse",152,PG-13,english,2,animation,4046
880,"telemark heartbreakers","a action-packed panorama of a technical writer and a man who must build a forensic psychologist in a manhattan penthouse",152,PG-13,english,2,animation,4047
886,"theory mermaid","a fateful yarn of a composer and a monkey who must vanquish a womanizer in the first manned space station",184,PG-13,english,2,animation,4063
886,"theory mermaid","a fateful yarn of a composer and a monkey who must vanquish a womanizer in the first manned space station",184,PG-13,english,2,animation,4064
886,"theory mermaid","a fateful yarn of a composer and a monkey who must vanquish a womanizer in the first manned space station",184,PG-13,english,2,animation,4065
886,"theory mermaid","a fateful yarn of a composer and a monkey who must vanquish a womanizer in the first manned space station",184,PG-13,english,2,animation,4066
887,"thief pelican","a touching documentary of a madman and a mad scientist who must outrace a feminist in an abandoned mine shaft",135,PG-13,english,2,animation,4067
887,"thief pelican","a touching documentary of a madman and a mad scientist who must outrace a feminist in an abandoned mine shaft",135,PG-13,english,2,animation,4068
887,"thief pelican","a touching documentary of a madman and a mad scientist who must outrace a feminist in an abandoned mine shaft",135,PG-13,english,2,animation,4069
887,"thief pelican","a touching documentary of a madman and a mad scientist who must outrace a feminist in an abandoned mine shaft",135,PG-13,english,2,animation,4070
887,"thief pelican","a touching documentary of a madman and a mad scientist who must outrace a feminist in an abandoned mine shaft",135,PG-13,english,2,animation,4071
887,"thief pelican","a touching documentary of a madman and a mad scientist who must outrace a feminist in an abandoned mine shaft",135,PG-13,english,2,animation,4072
892,"titanic boondock","a brilliant reflection of a feminist and a dog who must fight a boy in a baloon factory",104,R,english,2,animation,4094
892,"titanic boondock","a brilliant reflection of a feminist and a dog who must fight a boy in a baloon factory",104,R,english,2,animation,4095
892,"titanic boondock","a brilliant reflection of a feminist and a dog who must fight a boy in a baloon factory",104,R,english,2,animation,4096
892,"titanic boondock","a brilliant reflection of a feminist and a dog who must fight a boy in a baloon factory",104,R,english,2,animation,4097
892,"titanic boondock","a brilliant reflection of a feminist and a dog who must fight a boy in a baloon factory",104,R,english,2,animation,4098
892,"titanic boondock","a brilliant reflection of a feminist and a dog who must fight a boy in a baloon factory",104,R,english,2,animation,4099
892,"titanic boondock","a brilliant reflection of a feminist and a dog who must fight a boy in a baloon factory",104,R,english,2,animation,4100
901,"tracy cider","a touching reflection of a database administrator and a madman who must build a lumberjack in nigeria",142,G,english,2,animation,4145
901,"tracy cider","a touching reflection of a database administrator and a madman who must build a lumberjack in nigeria",142,G,english,2,animation,4146
901,"tracy cider","a touching reflection of a database administrator and a madman who must build a lumberjack in nigeria",142,G,english,2,animation,4147
901,"tracy cider","a touching reflection of a database administrator and a madman who must build a lumberjack in nigeria",142,G,english,2,animation,4148
901,"tracy cider","a touching reflection of a database administrator and a madman who must build a lumberjack in nigeria",142,G,english,2,animation,4149
901,"tracy cider","a touching reflection of a database administrator and a madman who must build a lumberjack in nigeria",142,G,english,2,animation,4150
901,"tracy cider","a touching reflection of a database administrator and a madman who must build a lumberjack in nigeria",142,G,english,2,animation,4151
916,"turn star","a stunning tale of a man and a monkey who must chase a student in new orleans",80,G,english,2,animation,4213
916,"turn star","a stunning tale of a man and a monkey who must chase a student in new orleans",80,G,english,2,animation,4214
916,"turn star","a stunning tale of a man and a monkey who must chase a student in new orleans",80,G,english,2,animation,4215
916,"turn star","a stunning tale of a man and a monkey who must chase a student in new orleans",80,G,english,2,animation,4216
953,"wait cider","a intrepid epistle of a woman and a forensic psychologist who must succumb a astronaut in a manhattan penthouse",112,PG-13,english,2,animation,4369
953,"wait cider","a intrepid epistle of a woman and a forensic psychologist who must succumb a astronaut in a manhattan penthouse",112,PG-13,english,2,animation,4370
953,"wait cider","a intrepid epistle of a woman and a forensic psychologist who must succumb a astronaut in a manhattan penthouse",112,PG-13,english,2,animation,4371
953,"wait cider","a intrepid epistle of a woman and a forensic psychologist who must succumb a astronaut in a manhattan penthouse",112,PG-13,english,2,animation,4372
953,"wait cider","a intrepid epistle of a woman and a forensic psychologist who must succumb a astronaut in a manhattan penthouse",112,PG-13,english,2,animation,4373
953,"wait cider","a intrepid epistle of a woman and a forensic psychologist who must succumb a astronaut in a manhattan penthouse",112,PG-13,english,2,animation,4374
963,"watch tracy","a fast-paced yarn of a dog and a frisbee who must conquer a hunter in nigeria",78,PG,english,2,animation,4404
963,"watch tracy","a fast-paced yarn of a dog and a frisbee who must conquer a hunter in nigeria",78,PG,english,2,animation,4405
963,"watch tracy","a fast-paced yarn of a dog and a frisbee who must conquer a hunter in nigeria",78,PG,english,2,animation,4406
963,"watch tracy","a fast-paced yarn of a dog and a frisbee who must conquer a hunter in nigeria",78,PG,english,2,animation,4407
963,"watch tracy","a fast-paced yarn of a dog and a frisbee who must conquer a hunter in nigeria",78,PG,english,2,animation,4408
986,"wonka sea","a brilliant saga of a boat and a mad scientist who must meet a moose in ancient india",85,NC-17,english,2,animation,4515
986,"wonka sea","a brilliant saga of a boat and a mad scientist who must meet a moose in ancient india",85,NC-17,english,2,animation,4516
986,"wonka sea","a brilliant saga of a boat and a mad scientist who must meet a moose in ancient india",85,NC-17,english,2,animation,4517
986,"wonka sea","a brilliant saga of a boat and a mad scientist who must meet a moose in ancient india",85,NC-17,english,2,animation,4518
986,"wonka sea","a brilliant saga of a boat and a mad scientist who must meet a moose in ancient india",85,NC-17,english,2,animation,4519
986,"wonka sea","a brilliant saga of a boat and a mad scientist who must meet a moose in ancient india",85,NC-17,english,2,animation,4520
48,"backlash undefeated","a stunning character study of a mad scientist and a mad cow who must kill a car in a monastery",118,PG-13,english,3,children,212
48,"backlash undefeated","a stunning character study of a mad scientist and a mad cow who must kill a car in a monastery",118,PG-13,english,3,children,213
48,"backlash undefeated","a stunning character study of a mad scientist and a mad cow who must kill a car in a monastery",118,PG-13,english,3,children,214
48,"backlash undefeated","a stunning character study of a mad scientist and a mad cow who must kill a car in a monastery",118,PG-13,english,3,children,215
59,"bear graceland","a astounding saga of a dog and a boy who must kill a teacher in the first manned space station",160,R,english,3,children,264
59,"bear graceland","a astounding saga of a dog and a boy who must kill a teacher in the first manned space station",160,R,english,3,children,265
59,"bear graceland","a astounding saga of a dog and a boy who must kill a teacher in the first manned space station",160,R,english,3,children,266
59,"bear graceland","a astounding saga of a dog and a boy who must kill a teacher in the first manned space station",160,R,english,3,children,267
59,"bear graceland","a astounding saga of a dog and a boy who must kill a teacher in the first manned space station",160,R,english,3,children,268
66,"beneath rush","a astounding panorama of a man and a monkey who must discover a man in the first manned space station",53,NC-17,english,3,children,291
66,"beneath rush","a astounding panorama of a man and a monkey who must discover a man in the first manned space station",53,NC-17,english,3,children,292
66,"beneath rush","a astounding panorama of a man and a monkey who must discover a man in the first manned space station",53,NC-17,english,3,children,293
68,"betrayed rear","a emotional character study of a boat and a pioneer who must find a explorer in a shark tank",122,NC-17,english,3,children,300
68,"betrayed rear","a emotional character study of a boat and a pioneer who must find a explorer in a shark tank",122,NC-17,english,3,children,301
68,"betrayed rear","a emotional character study of a boat and a pioneer who must find a explorer in a shark tank",122,NC-17,english,3,children,302
68,"betrayed rear","a emotional character study of a boat and a pioneer who must find a explorer in a shark tank",122,NC-17,english,3,children,303
110,"cabin flash","a stunning epistle of a boat and a man who must challenge a a shark in a baloon factory",53,NC-17,english,3,children,493
110,"cabin flash","a stunning epistle of a boat and a man who must challenge a a shark in a baloon factory",53,NC-17,english,3,children,494
110,"cabin flash","a stunning epistle of a boat and a man who must challenge a a shark in a baloon factory",53,NC-17,english,3,children,495
110,"cabin flash","a stunning epistle of a boat and a man who must challenge a a shark in a baloon factory",53,NC-17,english,3,children,496
124,"casper dragonfly","a intrepid documentary of a boat and a crocodile who must chase a robot in the sahara desert",163,PG-13,english,3,children,572
124,"casper dragonfly","a intrepid documentary of a boat and a crocodile who must chase a robot in the sahara desert",163,PG-13,english,3,children,573
124,"casper dragonfly","a intrepid documentary of a boat and a crocodile who must chase a robot in the sahara desert",163,PG-13,english,3,children,574
149,"christmas moonshine","a action-packed epistle of a feminist and a astronaut who must conquer a boat in a manhattan penthouse",150,NC-17,english,3,children,678
149,"christmas moonshine","a action-packed epistle of a feminist and a astronaut who must conquer a boat in a manhattan penthouse",150,NC-17,english,3,children,679
149,"christmas moonshine","a action-packed epistle of a feminist and a astronaut who must conquer a boat in a manhattan penthouse",150,NC-17,english,3,children,680
149,"christmas moonshine","a action-packed epistle of a feminist and a astronaut who must conquer a boat in a manhattan penthouse",150,NC-17,english,3,children,681
149,"christmas moonshine","a action-packed epistle of a feminist and a astronaut who must conquer a boat in a manhattan penthouse",150,NC-17,english,3,children,682
149,"christmas moonshine","a action-packed epistle of a feminist and a astronaut who must conquer a boat in a manhattan penthouse",150,NC-17,english,3,children,683
152,"circus youth","a thoughtful drama of a pastry chef and a dentist who must pursue a girl in a baloon",90,PG-13,english,3,children,694
152,"circus youth","a thoughtful drama of a pastry chef and a dentist who must pursue a girl in a baloon",90,PG-13,english,3,children,695
152,"circus youth","a thoughtful drama of a pastry chef and a dentist who must pursue a girl in a baloon",90,PG-13,english,3,children,696
152,"circus youth","a thoughtful drama of a pastry chef and a dentist who must pursue a girl in a baloon",90,PG-13,english,3,children,697
157,"clockwork paradise","a insightful documentary of a technical writer and a feminist who must challenge a cat in a baloon",143,PG-13,english,3,children,716
157,"clockwork paradise","a insightful documentary of a technical writer and a feminist who must challenge a cat in a baloon",143,PG-13,english,3,children,717
157,"clockwork paradise","a insightful documentary of a technical writer and a feminist who must challenge a cat in a baloon",143,PG-13,english,3,children,718
168,"comancheros enemy","a boring saga of a lumberjack and a monkey who must find a monkey in the gulf of mexico",67,R,english,3,children,771
168,"comancheros enemy","a boring saga of a lumberjack and a monkey who must find a monkey in the gulf of mexico",67,R,english,3,children,772
191,"crooked frogmen","a unbelieveable drama of a hunter and a database administrator who must battle a crocodile in an abandoned amusement park",143,PG-13,english,3,children,867
191,"crooked frogmen","a unbelieveable drama of a hunter and a database administrator who must battle a crocodile in an abandoned amusement park",143,PG-13,english,3,children,868
191,"crooked frogmen","a unbelieveable drama of a hunter and a database administrator who must battle a crocodile in an abandoned amusement park",143,PG-13,english,3,children,869
191,"crooked frogmen","a unbelieveable drama of a hunter and a database administrator who must battle a crocodile in an abandoned amusement park",143,PG-13,english,3,children,870
191,"crooked frogmen","a unbelieveable drama of a hunter and a database administrator who must battle a crocodile in an abandoned amusement park",143,PG-13,english,3,children,871
191,"crooked frogmen","a unbelieveable drama of a hunter and a database administrator who must battle a crocodile in an abandoned amusement park",143,PG-13,english,3,children,872
214,"daughter madigan","a beautiful tale of a hunter and a mad scientist who must confront a squirrel in the first manned space station",59,PG-13,english,3,children,959
214,"daughter madigan","a beautiful tale of a hunter and a mad scientist who must confront a squirrel in the first manned space station",59,PG-13,english,3,children,960
214,"daughter madigan","a beautiful tale of a hunter and a mad scientist who must confront a squirrel in the first manned space station",59,PG-13,english,3,children,961
214,"daughter madigan","a beautiful tale of a hunter and a mad scientist who must confront a squirrel in the first manned space station",59,PG-13,english,3,children,962
238,"doctor grail","a insightful drama of a womanizer and a waitress who must reach a forensic psychologist in the outback",57,G,english,3,children,1067
238,"doctor grail","a insightful drama of a womanizer and a waitress who must reach a forensic psychologist in the outback",57,G,english,3,children,1068
280,"empire malkovich","a amazing story of a feminist and a cat who must face a car in an abandoned fun house",177,G,english,3,children,1260
280,"empire malkovich","a amazing story of a feminist and a cat who must face a car in an abandoned fun house",177,G,english,3,children,1261
280,"empire malkovich","a amazing story of a feminist and a cat who must face a car in an abandoned fun house",177,G,english,3,children,1262
280,"empire malkovich","a amazing story of a feminist and a cat who must face a car in an abandoned fun house",177,G,english,3,children,1263
280,"empire malkovich","a amazing story of a feminist and a cat who must face a car in an abandoned fun house",177,G,english,3,children,1264
280,"empire malkovich","a amazing story of a feminist and a cat who must face a car in an abandoned fun house",177,G,english,3,children,1265
304,"fargo gandhi","a thrilling reflection of a pastry chef and a crocodile who must reach a teacher in the outback",130,G,english,3,children,1384
304,"fargo gandhi","a thrilling reflection of a pastry chef and a crocodile who must reach a teacher in the outback",130,G,english,3,children,1385
304,"fargo gandhi","a thrilling reflection of a pastry chef and a crocodile who must reach a teacher in the outback",130,G,english,3,children,1386
304,"fargo gandhi","a thrilling reflection of a pastry chef and a crocodile who must reach a teacher in the outback",130,G,english,3,children,1387
304,"fargo gandhi","a thrilling reflection of a pastry chef and a crocodile who must reach a teacher in the outback",130,G,english,3,children,1388
304,"fargo gandhi","a thrilling reflection of a pastry chef and a crocodile who must reach a teacher in the outback",130,G,english,3,children,1389
328,"forever candidate","a unbelieveable panorama of a technical writer and a man who must pursue a frisbee in a u-boat",131,NC-17,english,3,children,1497
328,"forever candidate","a unbelieveable panorama of a technical writer and a man who must pursue a frisbee in a u-boat",131,NC-17,english,3,children,1498
328,"forever candidate","a unbelieveable panorama of a technical writer and a man who must pursue a frisbee in a u-boat",131,NC-17,english,3,children,1499
328,"forever candidate","a unbelieveable panorama of a technical writer and a man who must pursue a frisbee in a u-boat",131,NC-17,english,3,children,1500
343,"full flatliners","a beautiful documentary of a astronaut and a moose who must pursue a monkey in a shark tank",94,PG,english,3,children,1563
343,"full flatliners","a beautiful documentary of a astronaut and a moose who must pursue a monkey in a shark tank",94,PG,english,3,children,1564
344,"fury murder","a lacklusture reflection of a boat and a forensic psychologist who must fight a waitress in a monastery",178,PG-13,english,3,children,1565
344,"fury murder","a lacklusture reflection of a boat and a forensic psychologist who must fight a waitress in a monastery",178,PG-13,english,3,children,1566
344,"fury murder","a lacklusture reflection of a boat and a forensic psychologist who must fight a waitress in a monastery",178,PG-13,english,3,children,1567
344,"fury murder","a lacklusture reflection of a boat and a forensic psychologist who must fight a waitress in a monastery",178,PG-13,english,3,children,1568
344,"fury murder","a lacklusture reflection of a boat and a forensic psychologist who must fight a waitress in a monastery",178,PG-13,english,3,children,1569
354,"ghost groundhog","a brilliant panorama of a madman and a composer who must succumb a car in ancient india",85,G,english,3,children,1620
354,"ghost groundhog","a brilliant panorama of a madman and a composer who must succumb a car in ancient india",85,G,english,3,children,1621
354,"ghost groundhog","a brilliant panorama of a madman and a composer who must succumb a car in ancient india",85,G,english,3,children,1622
354,"ghost groundhog","a brilliant panorama of a madman and a composer who must succumb a car in ancient india",85,G,english,3,children,1623
354,"ghost groundhog","a brilliant panorama of a madman and a composer who must succumb a car in ancient india",85,G,english,3,children,1624
356,"giant troopers","a fateful display of a feminist and a monkey who must vanquish a monkey in the canadian rockies",102,R,english,3,children,1627
356,"giant troopers","a fateful display of a feminist and a monkey who must vanquish a monkey in the canadian rockies",102,R,english,3,children,1628
356,"giant troopers","a fateful display of a feminist and a monkey who must vanquish a monkey in the canadian rockies",102,R,english,3,children,1629
356,"giant troopers","a fateful display of a feminist and a monkey who must vanquish a monkey in the canadian rockies",102,R,english,3,children,1630
356,"giant troopers","a fateful display of a feminist and a monkey who must vanquish a monkey in the canadian rockies",102,R,english,3,children,1631
356,"giant troopers","a fateful display of a feminist and a monkey who must vanquish a monkey in the canadian rockies",102,R,english,3,children,1632
356,"giant troopers","a fateful display of a feminist and a monkey who must vanquish a monkey in the canadian rockies",102,R,english,3,children,1633
356,"giant troopers","a fateful display of a feminist and a monkey who must vanquish a monkey in the canadian rockies",102,R,english,3,children,1634
370,"gorgeous bingo","a action-packed display of a sumo wrestler and a car who must overcome a waitress in a baloon factory",108,R,english,3,children,1698
370,"gorgeous bingo","a action-packed display of a sumo wrestler and a car who must overcome a waitress in a baloon factory",108,R,english,3,children,1699
370,"gorgeous bingo","a action-packed display of a sumo wrestler and a car who must overcome a waitress in a baloon factory",108,R,english,3,children,1700
370,"gorgeous bingo","a action-packed display of a sumo wrestler and a car who must overcome a waitress in a baloon factory",108,R,english,3,children,1701
370,"gorgeous bingo","a action-packed display of a sumo wrestler and a car who must overcome a waitress in a baloon factory",108,R,english,3,children,1702
373,"graduate lord","a lacklusture epistle of a girl and a a shark who must meet a mad scientist in ancient china",156,G,english,3,children,1708
373,"graduate lord","a lacklusture epistle of a girl and a a shark who must meet a mad scientist in ancient china",156,G,english,3,children,1709
373,"graduate lord","a lacklusture epistle of a girl and a a shark who must meet a mad scientist in ancient china",156,G,english,3,children,1710
373,"graduate lord","a lacklusture epistle of a girl and a a shark who must meet a mad scientist in ancient china",156,G,english,3,children,1711
373,"graduate lord","a lacklusture epistle of a girl and a a shark who must meet a mad scientist in ancient china",156,G,english,3,children,1712
392,"hall cassidy","a beautiful panorama of a pastry chef and a a shark who must battle a pioneer in soviet georgia",51,NC-17,english,3,children,1804
392,"hall cassidy","a beautiful panorama of a pastry chef and a a shark who must battle a pioneer in soviet georgia",51,NC-17,english,3,children,1805
392,"hall cassidy","a beautiful panorama of a pastry chef and a a shark who must battle a pioneer in soviet georgia",51,NC-17,english,3,children,1806
392,"hall cassidy","a beautiful panorama of a pastry chef and a a shark who must battle a pioneer in soviet georgia",51,NC-17,english,3,children,1807
392,"hall cassidy","a beautiful panorama of a pastry chef and a a shark who must battle a pioneer in soviet georgia",51,NC-17,english,3,children,1808
392,"hall cassidy","a beautiful panorama of a pastry chef and a a shark who must battle a pioneer in soviet georgia",51,NC-17,english,3,children,1809
409,"heartbreakers bright","a awe-inspiring documentary of a a shark and a dentist who must outrace a pastry chef in the canadian rockies",59,G,english,3,children,1874
409,"heartbreakers bright","a awe-inspiring documentary of a a shark and a dentist who must outrace a pastry chef in the canadian rockies",59,G,english,3,children,1875
409,"heartbreakers bright","a awe-inspiring documentary of a a shark and a dentist who must outrace a pastry chef in the canadian rockies",59,G,english,3,children,1876
409,"heartbreakers bright","a awe-inspiring documentary of a a shark and a dentist who must outrace a pastry chef in the canadian rockies",59,G,english,3,children,1877
409,"heartbreakers bright","a awe-inspiring documentary of a a shark and a dentist who must outrace a pastry chef in the canadian rockies",59,G,english,3,children,1878
409,"heartbreakers bright","a awe-inspiring documentary of a a shark and a dentist who must outrace a pastry chef in the canadian rockies",59,G,english,3,children,1879
409,"heartbreakers bright","a awe-inspiring documentary of a a shark and a dentist who must outrace a pastry chef in the canadian rockies",59,G,english,3,children,1880
423,"hollywood anonymous","a fast-paced epistle of a boy and a explorer who must escape a dog in a u-boat",69,PG,english,3,children,1942
423,"hollywood anonymous","a fast-paced epistle of a boy and a explorer who must escape a dog in a u-boat",69,PG,english,3,children,1943
423,"hollywood anonymous","a fast-paced epistle of a boy and a explorer who must escape a dog in a u-boat",69,PG,english,3,children,1944
423,"hollywood anonymous","a fast-paced epistle of a boy and a explorer who must escape a dog in a u-boat",69,PG,english,3,children,1945
424,"holocaust highball","a awe-inspiring yarn of a composer and a man who must find a robot in soviet georgia",149,R,english,3,children,1946
424,"holocaust highball","a awe-inspiring yarn of a composer and a man who must find a robot in soviet georgia",149,R,english,3,children,1947
424,"holocaust highball","a awe-inspiring yarn of a composer and a man who must find a robot in soviet georgia",149,R,english,3,children,1948
424,"holocaust highball","a awe-inspiring yarn of a composer and a man who must find a robot in soviet georgia",149,R,english,3,children,1949
424,"holocaust highball","a awe-inspiring yarn of a composer and a man who must find a robot in soviet georgia",149,R,english,3,children,1950
450,"idols snatchers","a insightful drama of a car and a composer who must fight a man in a monastery",84,NC-17,english,3,children,2073
450,"idols snatchers","a insightful drama of a car and a composer who must fight a man in a monastery",84,NC-17,english,3,children,2074
450,"idols snatchers","a insightful drama of a car and a composer who must fight a man in a monastery",84,NC-17,english,3,children,2075
450,"idols snatchers","a insightful drama of a car and a composer who must fight a man in a monastery",84,NC-17,english,3,children,2076
450,"idols snatchers","a insightful drama of a car and a composer who must fight a man in a monastery",84,NC-17,english,3,children,2077
450,"idols snatchers","a insightful drama of a car and a composer who must fight a man in a monastery",84,NC-17,english,3,children,2078
450,"idols snatchers","a insightful drama of a car and a composer who must fight a man in a monastery",84,NC-17,english,3,children,2079
468,"invasion cyclone","a lacklusture character study of a mad scientist and a womanizer who must outrace a explorer in a monastery",97,PG,english,3,children,2165
468,"invasion cyclone","a lacklusture character study of a mad scientist and a womanizer who must outrace a explorer in a monastery",97,PG,english,3,children,2166
468,"invasion cyclone","a lacklusture character study of a mad scientist and a womanizer who must outrace a explorer in a monastery",97,PG,english,3,children,2167
468,"invasion cyclone","a lacklusture character study of a mad scientist and a womanizer who must outrace a explorer in a monastery",97,PG,english,3,children,2168
468,"invasion cyclone","a lacklusture character study of a mad scientist and a womanizer who must outrace a explorer in a monastery",97,PG,english,3,children,2169
468,"invasion cyclone","a lacklusture character study of a mad scientist and a womanizer who must outrace a explorer in a monastery",97,PG,english,3,children,2170
468,"invasion cyclone","a lacklusture character study of a mad scientist and a womanizer who must outrace a explorer in a monastery",97,PG,english,3,children,2171
468,"invasion cyclone","a lacklusture character study of a mad scientist and a womanizer who must outrace a explorer in a monastery",97,PG,english,3,children,2172
485,"jersey sassy","a lacklusture documentary of a madman and a mad cow who must find a feminist in ancient japan",60,PG,english,3,children,2243
485,"jersey sassy","a lacklusture documentary of a madman and a mad cow who must find a feminist in ancient japan",60,PG,english,3,children,2244
485,"jersey sassy","a lacklusture documentary of a madman and a mad cow who must find a feminist in ancient japan",60,PG,english,3,children,2245
491,"jumping wrath","a touching epistle of a monkey and a feminist who must discover a boat in berlin",74,NC-17,english,3,children,2270
491,"jumping wrath","a touching epistle of a monkey and a feminist who must discover a boat in berlin",74,NC-17,english,3,children,2271
491,"jumping wrath","a touching epistle of a monkey and a feminist who must discover a boat in berlin",74,NC-17,english,3,children,2272
491,"jumping wrath","a touching epistle of a monkey and a feminist who must discover a boat in berlin",74,NC-17,english,3,children,2273
491,"jumping wrath","a touching epistle of a monkey and a feminist who must discover a boat in berlin",74,NC-17,english,3,children,2274
491,"jumping wrath","a touching epistle of a monkey and a feminist who must discover a boat in berlin",74,NC-17,english,3,children,2275
505,"labyrinth league","a awe-inspiring saga of a composer and a frisbee who must succumb a pioneer in the sahara desert",46,PG-13,english,3,children,2325
505,"labyrinth league","a awe-inspiring saga of a composer and a frisbee who must succumb a pioneer in the sahara desert",46,PG-13,english,3,children,2326
505,"labyrinth league","a awe-inspiring saga of a composer and a frisbee who must succumb a pioneer in the sahara desert",46,PG-13,english,3,children,2327
505,"labyrinth league","a awe-inspiring saga of a composer and a frisbee who must succumb a pioneer in the sahara desert",46,PG-13,english,3,children,2328
509,"language cowboy","a epic yarn of a cat and a madman who must vanquish a dentist in an abandoned amusement park",78,NC-17,english,3,children,2340
509,"language cowboy","a epic yarn of a cat and a madman who must vanquish a dentist in an abandoned amusement park",78,NC-17,english,3,children,2341
509,"language cowboy","a epic yarn of a cat and a madman who must vanquish a dentist in an abandoned amusement park",78,NC-17,english,3,children,2342
515,"legally secretary","a astounding tale of a a shark and a moose who must meet a womanizer in the sahara desert",113,PG,english,3,children,2366
515,"legally secretary","a astounding tale of a a shark and a moose who must meet a womanizer in the sahara desert",113,PG,english,3,children,2367
547,"magic mallrats","a touching documentary of a pastry chef and a pastry chef who must build a mad scientist in california",117,PG,english,3,children,2494
547,"magic mallrats","a touching documentary of a pastry chef and a pastry chef who must build a mad scientist in california",117,PG,english,3,children,2495
553,"maker gables","a stunning display of a moose and a database administrator who must pursue a composer in a jet boat",136,PG-13,english,3,children,2515
553,"maker gables","a stunning display of a moose and a database administrator who must pursue a composer in a jet boat",136,PG-13,english,3,children,2516
553,"maker gables","a stunning display of a moose and a database administrator who must pursue a composer in a jet boat",136,PG-13,english,3,children,2517
573,"microcosmos paradise","a touching character study of a boat and a student who must sink a a shark in nigeria",105,PG-13,english,3,children,2612
573,"microcosmos paradise","a touching character study of a boat and a student who must sink a a shark in nigeria",105,PG-13,english,3,children,2613
573,"microcosmos paradise","a touching character study of a boat and a student who must sink a a shark in nigeria",105,PG-13,english,3,children,2614
573,"microcosmos paradise","a touching character study of a boat and a student who must sink a a shark in nigeria",105,PG-13,english,3,children,2615
588,"model fish","a beautiful panorama of a boat and a crocodile who must outrace a dog in australia",175,NC-17,english,3,children,2678
588,"model fish","a beautiful panorama of a boat and a crocodile who must outrace a dog in australia",175,NC-17,english,3,children,2679
588,"model fish","a beautiful panorama of a boat and a crocodile who must outrace a dog in australia",175,NC-17,english,3,children,2680
588,"model fish","a beautiful panorama of a boat and a crocodile who must outrace a dog in australia",175,NC-17,english,3,children,2681
608,"murder antitrust","a brilliant yarn of a car and a database administrator who must escape a boy in a mysql convention",166,PG,english,3,children,2765
608,"murder antitrust","a brilliant yarn of a car and a database administrator who must escape a boy in a mysql convention",166,PG,english,3,children,2766
608,"murder antitrust","a brilliant yarn of a car and a database administrator who must escape a boy in a mysql convention",166,PG,english,3,children,2767
608,"murder antitrust","a brilliant yarn of a car and a database administrator who must escape a boy in a mysql convention",166,PG,english,3,children,2768
608,"murder antitrust","a brilliant yarn of a car and a database administrator who must escape a boy in a mysql convention",166,PG,english,3,children,2769
608,"murder antitrust","a brilliant yarn of a car and a database administrator who must escape a boy in a mysql convention",166,PG,english,3,children,2770
626,"noon papi","a unbelieveable character study of a mad scientist and a astronaut who must find a pioneer in a manhattan penthouse",57,G,english,3,children,2857
626,"noon papi","a unbelieveable character study of a mad scientist and a astronaut who must find a pioneer in a manhattan penthouse",57,G,english,3,children,2858
626,"noon papi","a unbelieveable character study of a mad scientist and a astronaut who must find a pioneer in a manhattan penthouse",57,G,english,3,children,2859
626,"noon papi","a unbelieveable character study of a mad scientist and a astronaut who must find a pioneer in a manhattan penthouse",57,G,english,3,children,2860
688,"polish brooklyn","a boring character study of a database administrator and a lumberjack who must reach a madman in the outback",61,PG,english,3,children,3130
688,"polish brooklyn","a boring character study of a database administrator and a lumberjack who must reach a madman in the outback",61,PG,english,3,children,3131
688,"polish brooklyn","a boring character study of a database administrator and a lumberjack who must reach a madman in the outback",61,PG,english,3,children,3132
688,"polish brooklyn","a boring character study of a database administrator and a lumberjack who must reach a madman in the outback",61,PG,english,3,children,3133
735,"robbers joon","a thoughtful story of a mad scientist and a waitress who must confront a forensic psychologist in soviet georgia",102,PG-13,english,3,children,3343
735,"robbers joon","a thoughtful story of a mad scientist and a waitress who must confront a forensic psychologist in soviet georgia",102,PG-13,english,3,children,3344
735,"robbers joon","a thoughtful story of a mad scientist and a waitress who must confront a forensic psychologist in soviet georgia",102,PG-13,english,3,children,3345
735,"robbers joon","a thoughtful story of a mad scientist and a waitress who must confront a forensic psychologist in soviet georgia",102,PG-13,english,3,children,3346
735,"robbers joon","a thoughtful story of a mad scientist and a waitress who must confront a forensic psychologist in soviet georgia",102,PG-13,english,3,children,3347
735,"robbers joon","a thoughtful story of a mad scientist and a waitress who must confront a forensic psychologist in soviet georgia",102,PG-13,english,3,children,3348
735,"robbers joon","a thoughtful story of a mad scientist and a waitress who must confront a forensic psychologist in soviet georgia",102,PG-13,english,3,children,3349
755,"sabrina midnight","a emotional story of a squirrel and a crocodile who must succumb a husband in the sahara desert",99,PG,english,3,children,3441
755,"sabrina midnight","a emotional story of a squirrel and a crocodile who must succumb a husband in the sahara desert",99,PG,english,3,children,3442
755,"sabrina midnight","a emotional story of a squirrel and a crocodile who must succumb a husband in the sahara desert",99,PG,english,3,children,3443
755,"sabrina midnight","a emotional story of a squirrel and a crocodile who must succumb a husband in the sahara desert",99,PG,english,3,children,3444
755,"sabrina midnight","a emotional story of a squirrel and a crocodile who must succumb a husband in the sahara desert",99,PG,english,3,children,3445
755,"sabrina midnight","a emotional story of a squirrel and a crocodile who must succumb a husband in the sahara desert",99,PG,english,3,children,3446
755,"sabrina midnight","a emotional story of a squirrel and a crocodile who must succumb a husband in the sahara desert",99,PG,english,3,children,3447
761,"santa paris","a emotional documentary of a moose and a car who must redeem a mad cow in a baloon factory",154,PG,english,3,children,3472
761,"santa paris","a emotional documentary of a moose and a car who must redeem a mad cow in a baloon factory",154,PG,english,3,children,3473
761,"santa paris","a emotional documentary of a moose and a car who must redeem a mad cow in a baloon factory",154,PG,english,3,children,3474
768,"scarface bang","a emotional yarn of a teacher and a girl who must find a teacher in a baloon factory",102,PG-13,english,3,children,3507
768,"scarface bang","a emotional yarn of a teacher and a girl who must find a teacher in a baloon factory",102,PG-13,english,3,children,3508
768,"scarface bang","a emotional yarn of a teacher and a girl who must find a teacher in a baloon factory",102,PG-13,english,3,children,3509
768,"scarface bang","a emotional yarn of a teacher and a girl who must find a teacher in a baloon factory",102,PG-13,english,3,children,3510
768,"scarface bang","a emotional yarn of a teacher and a girl who must find a teacher in a baloon factory",102,PG-13,english,3,children,3511
768,"scarface bang","a emotional yarn of a teacher and a girl who must find a teacher in a baloon factory",102,PG-13,english,3,children,3512
786,"shepherd midsummer","a thoughtful drama of a robot and a womanizer who must kill a lumberjack in a baloon",113,R,english,3,children,3594
786,"shepherd midsummer","a thoughtful drama of a robot and a womanizer who must kill a lumberjack in a baloon",113,R,english,3,children,3595
786,"shepherd midsummer","a thoughtful drama of a robot and a womanizer who must kill a lumberjack in a baloon",113,R,english,3,children,3596
786,"shepherd midsummer","a thoughtful drama of a robot and a womanizer who must kill a lumberjack in a baloon",113,R,english,3,children,3597
786,"shepherd midsummer","a thoughtful drama of a robot and a womanizer who must kill a lumberjack in a baloon",113,R,english,3,children,3598
786,"shepherd midsummer","a thoughtful drama of a robot and a womanizer who must kill a lumberjack in a baloon",113,R,english,3,children,3599
786,"shepherd midsummer","a thoughtful drama of a robot and a womanizer who must kill a lumberjack in a baloon",113,R,english,3,children,3600
801,"sister freddy","a stunning saga of a butler and a woman who must pursue a explorer in australia",152,PG-13,english,3,children,NULL
833,"splendor patton","a taut story of a dog and a explorer who must find a astronaut in berlin",134,R,english,3,children,3801
833,"splendor patton","a taut story of a dog and a explorer who must find a astronaut in berlin",134,R,english,3,children,3802
833,"splendor patton","a taut story of a dog and a explorer who must find a astronaut in berlin",134,R,english,3,children,3803
833,"splendor patton","a taut story of a dog and a explorer who must find a astronaut in berlin",134,R,english,3,children,3804
833,"splendor patton","a taut story of a dog and a explorer who must find a astronaut in berlin",134,R,english,3,children,3805
833,"splendor patton","a taut story of a dog and a explorer who must find a astronaut in berlin",134,R,english,3,children,3806
833,"splendor patton","a taut story of a dog and a explorer who must find a astronaut in berlin",134,R,english,3,children,3807
852,"strangelove desire","a awe-inspiring panorama of a lumberjack and a waitress who must defeat a crocodile in an abandoned amusement park",103,NC-17,english,3,children,3902
852,"strangelove desire","a awe-inspiring panorama of a lumberjack and a waitress who must defeat a crocodile in an abandoned amusement park",103,NC-17,english,3,children,3903
852,"strangelove desire","a awe-inspiring panorama of a lumberjack and a waitress who must defeat a crocodile in an abandoned amusement park",103,NC-17,english,3,children,3904
852,"strangelove desire","a awe-inspiring panorama of a lumberjack and a waitress who must defeat a crocodile in an abandoned amusement park",103,NC-17,english,3,children,3905
852,"strangelove desire","a awe-inspiring panorama of a lumberjack and a waitress who must defeat a crocodile in an abandoned amusement park",103,NC-17,english,3,children,3906
852,"strangelove desire","a awe-inspiring panorama of a lumberjack and a waitress who must defeat a crocodile in an abandoned amusement park",103,NC-17,english,3,children,3907
852,"strangelove desire","a awe-inspiring panorama of a lumberjack and a waitress who must defeat a crocodile in an abandoned amusement park",103,NC-17,english,3,children,3908
853,"stranger strangers","a awe-inspiring yarn of a womanizer and a explorer who must fight a woman in the first manned space station",139,G,english,3,children,3909
853,"stranger strangers","a awe-inspiring yarn of a womanizer and a explorer who must fight a woman in the first manned space station",139,G,english,3,children,3910
853,"stranger strangers","a awe-inspiring yarn of a womanizer and a explorer who must fight a woman in the first manned space station",139,G,english,3,children,3911
864,"sundance invasion","a epic drama of a lumberjack and a explorer who must confront a hunter in a baloon factory",92,NC-17,english,3,children,3963
864,"sundance invasion","a epic drama of a lumberjack and a explorer who must confront a hunter in a baloon factory",92,NC-17,english,3,children,3964
864,"sundance invasion","a epic drama of a lumberjack and a explorer who must confront a hunter in a baloon factory",92,NC-17,english,3,children,3965
864,"sundance invasion","a epic drama of a lumberjack and a explorer who must confront a hunter in a baloon factory",92,NC-17,english,3,children,3966
864,"sundance invasion","a epic drama of a lumberjack and a explorer who must confront a hunter in a baloon factory",92,NC-17,english,3,children,3967
864,"sundance invasion","a epic drama of a lumberjack and a explorer who must confront a hunter in a baloon factory",92,NC-17,english,3,children,3968
873,"sweethearts suspects","a brilliant character study of a frisbee and a sumo wrestler who must confront a woman in the gulf of mexico",108,G,english,3,children,4007
873,"sweethearts suspects","a brilliant character study of a frisbee and a sumo wrestler who must confront a woman in the gulf of mexico",108,G,english,3,children,4008
873,"sweethearts suspects","a brilliant character study of a frisbee and a sumo wrestler who must confront a woman in the gulf of mexico",108,G,english,3,children,4009
873,"sweethearts suspects","a brilliant character study of a frisbee and a sumo wrestler who must confront a woman in the gulf of mexico",108,G,english,3,children,4010
873,"sweethearts suspects","a brilliant character study of a frisbee and a sumo wrestler who must confront a woman in the gulf of mexico",108,G,english,3,children,4011
873,"sweethearts suspects","a brilliant character study of a frisbee and a sumo wrestler who must confront a woman in the gulf of mexico",108,G,english,3,children,4012
873,"sweethearts suspects","a brilliant character study of a frisbee and a sumo wrestler who must confront a woman in the gulf of mexico",108,G,english,3,children,4013
873,"sweethearts suspects","a brilliant character study of a frisbee and a sumo wrestler who must confront a woman in the gulf of mexico",108,G,english,3,children,4014
883,"tequila past","a action-packed panorama of a mad scientist and a robot who must challenge a student in nigeria",53,PG,english,3,children,4056
883,"tequila past","a action-packed panorama of a mad scientist and a robot who must challenge a student in nigeria",53,PG,english,3,children,4057
889,"ties hunger","a insightful saga of a astronaut and a explorer who must pursue a mad scientist in a u-boat",111,R,english,3,children,4077
889,"ties hunger","a insightful saga of a astronaut and a explorer who must pursue a mad scientist in a u-boat",111,R,english,3,children,4078
889,"ties hunger","a insightful saga of a astronaut and a explorer who must pursue a mad scientist in a u-boat",111,R,english,3,children,4079
896,"tootsie pilot","a awe-inspiring documentary of a womanizer and a pastry chef who must kill a lumberjack in berlin",157,PG,english,3,children,4121
896,"tootsie pilot","a awe-inspiring documentary of a womanizer and a pastry chef who must kill a lumberjack in berlin",157,PG,english,3,children,4122
896,"tootsie pilot","a awe-inspiring documentary of a womanizer and a pastry chef who must kill a lumberjack in berlin",157,PG,english,3,children,4123
896,"tootsie pilot","a awe-inspiring documentary of a womanizer and a pastry chef who must kill a lumberjack in berlin",157,PG,english,3,children,4124
918,"twisted pirates","a touching display of a frisbee and a boat who must kill a girl in a mysql convention",152,PG,english,3,children,4222
918,"twisted pirates","a touching display of a frisbee and a boat who must kill a girl in a mysql convention",152,PG,english,3,children,4223
918,"twisted pirates","a touching display of a frisbee and a boat who must kill a girl in a mysql convention",152,PG,english,3,children,4224
918,"twisted pirates","a touching display of a frisbee and a boat who must kill a girl in a mysql convention",152,PG,english,3,children,4225
928,"uptown young","a fateful documentary of a dog and a hunter who must pursue a teacher in an abandoned amusement park",84,PG,english,3,children,4265
928,"uptown young","a fateful documentary of a dog and a hunter who must pursue a teacher in an abandoned amusement park",84,PG,english,3,children,4266
928,"uptown young","a fateful documentary of a dog and a hunter who must pursue a teacher in an abandoned amusement park",84,PG,english,3,children,4267
955,"walls artist","a insightful panorama of a teacher and a teacher who must overcome a mad cow in an abandoned fun house",135,PG,english,3,children,NULL
959,"warlock werewolf","a astounding yarn of a pioneer and a crocodile who must defeat a a shark in the outback",83,G,english,3,children,4390
959,"warlock werewolf","a astounding yarn of a pioneer and a crocodile who must defeat a a shark in the outback",83,G,english,3,children,4391
993,"wrong behavior","a emotional saga of a crocodile and a sumo wrestler who must discover a mad cow in new orleans",178,PG-13,english,3,children,4547
993,"wrong behavior","a emotional saga of a crocodile and a sumo wrestler who must discover a mad cow in new orleans",178,PG-13,english,3,children,4548
993,"wrong behavior","a emotional saga of a crocodile and a sumo wrestler who must discover a mad cow in new orleans",178,PG-13,english,3,children,4549
993,"wrong behavior","a emotional saga of a crocodile and a sumo wrestler who must discover a mad cow in new orleans",178,PG-13,english,3,children,4550
993,"wrong behavior","a emotional saga of a crocodile and a sumo wrestler who must discover a mad cow in new orleans",178,PG-13,english,3,children,4551
993,"wrong behavior","a emotional saga of a crocodile and a sumo wrestler who must discover a mad cow in new orleans",178,PG-13,english,3,children,4552
993,"wrong behavior","a emotional saga of a crocodile and a sumo wrestler who must discover a mad cow in new orleans",178,PG-13,english,3,children,4553
999,"zoolander fiction","a fateful reflection of a waitress and a boat who must discover a sumo wrestler in ancient china",101,R,english,3,children,4569
999,"zoolander fiction","a fateful reflection of a waitress and a boat who must discover a sumo wrestler in ancient china",101,R,english,3,children,4570
999,"zoolander fiction","a fateful reflection of a waitress and a boat who must discover a sumo wrestler in ancient china",101,R,english,3,children,4571
999,"zoolander fiction","a fateful reflection of a waitress and a boat who must discover a sumo wrestler in ancient china",101,R,english,3,children,4572
999,"zoolander fiction","a fateful reflection of a waitress and a boat who must discover a sumo wrestler in ancient china",101,R,english,3,children,4573
14,"alice fantasia","a emotional drama of a a shark and a database administrator who must vanquish a pioneer in soviet georgia",94,NC-17,english,4,classics,NULL
37,"arizona bang","a brilliant panorama of a mad scientist and a mad cow who must meet a pioneer in a monastery",121,PG,english,4,classics,167
37,"arizona bang","a brilliant panorama of a mad scientist and a mad cow who must meet a pioneer in a monastery",121,PG,english,4,classics,168
37,"arizona bang","a brilliant panorama of a mad scientist and a mad cow who must meet a pioneer in a monastery",121,PG,english,4,classics,169
37,"arizona bang","a brilliant panorama of a mad scientist and a mad cow who must meet a pioneer in a monastery",121,PG,english,4,classics,170
37,"arizona bang","a brilliant panorama of a mad scientist and a mad cow who must meet a pioneer in a monastery",121,PG,english,4,classics,171
37,"arizona bang","a brilliant panorama of a mad scientist and a mad cow who must meet a pioneer in a monastery",121,PG,english,4,classics,172
37,"arizona bang","a brilliant panorama of a mad scientist and a mad cow who must meet a pioneer in a monastery",121,PG,english,4,classics,173
60,"beast hunchback","a awe-inspiring epistle of a student and a squirrel who must defeat a boy in ancient china",89,R,english,4,classics,269
60,"beast hunchback","a awe-inspiring epistle of a student and a squirrel who must defeat a boy in ancient china",89,R,english,4,classics,270
60,"beast hunchback","a awe-inspiring epistle of a student and a squirrel who must defeat a boy in ancient china",89,R,english,4,classics,271
91,"bound cheaper","a thrilling panorama of a database administrator and a astronaut who must challenge a lumberjack in a baloon",98,PG,english,4,classics,411
91,"bound cheaper","a thrilling panorama of a database administrator and a astronaut who must challenge a lumberjack in a baloon",98,PG,english,4,classics,412
91,"bound cheaper","a thrilling panorama of a database administrator and a astronaut who must challenge a lumberjack in a baloon",98,PG,english,4,classics,413
91,"bound cheaper","a thrilling panorama of a database administrator and a astronaut who must challenge a lumberjack in a baloon",98,PG,english,4,classics,414
91,"bound cheaper","a thrilling panorama of a database administrator and a astronaut who must challenge a lumberjack in a baloon",98,PG,english,4,classics,415
91,"bound cheaper","a thrilling panorama of a database administrator and a astronaut who must challenge a lumberjack in a baloon",98,PG,english,4,classics,416
91,"bound cheaper","a thrilling panorama of a database administrator and a astronaut who must challenge a lumberjack in a baloon",98,PG,english,4,classics,417
91,"bound cheaper","a thrilling panorama of a database administrator and a astronaut who must challenge a lumberjack in a baloon",98,PG,english,4,classics,418
116,"candidate perdition","a brilliant epistle of a composer and a database administrator who must vanquish a mad scientist in the first manned space station",70,R,english,4,classics,526
116,"candidate perdition","a brilliant epistle of a composer and a database administrator who must vanquish a mad scientist in the first manned space station",70,R,english,4,classics,527
116,"candidate perdition","a brilliant epistle of a composer and a database administrator who must vanquish a mad scientist in the first manned space station",70,R,english,4,classics,528
116,"candidate perdition","a brilliant epistle of a composer and a database administrator who must vanquish a mad scientist in the first manned space station",70,R,english,4,classics,529
116,"candidate perdition","a brilliant epistle of a composer and a database administrator who must vanquish a mad scientist in the first manned space station",70,R,english,4,classics,530
116,"candidate perdition","a brilliant epistle of a composer and a database administrator who must vanquish a mad scientist in the first manned space station",70,R,english,4,classics,531
131,"center dinosaur","a beautiful character study of a sumo wrestler and a dentist who must find a dog in california",152,PG,english,4,classics,600
131,"center dinosaur","a beautiful character study of a sumo wrestler and a dentist who must find a dog in california",152,PG,english,4,classics,601
131,"center dinosaur","a beautiful character study of a sumo wrestler and a dentist who must find a dog in california",152,PG,english,4,classics,602
131,"center dinosaur","a beautiful character study of a sumo wrestler and a dentist who must find a dog in california",152,PG,english,4,classics,603
131,"center dinosaur","a beautiful character study of a sumo wrestler and a dentist who must find a dog in california",152,PG,english,4,classics,604
131,"center dinosaur","a beautiful character study of a sumo wrestler and a dentist who must find a dog in california",152,PG,english,4,classics,605
166,"color philadelphia","a thoughtful panorama of a car and a crocodile who must sink a monkey in the sahara desert",149,G,english,4,classics,758
166,"color philadelphia","a thoughtful panorama of a car and a crocodile who must sink a monkey in the sahara desert",149,G,english,4,classics,759
166,"color philadelphia","a thoughtful panorama of a car and a crocodile who must sink a monkey in the sahara desert",149,G,english,4,classics,760
166,"color philadelphia","a thoughtful panorama of a car and a crocodile who must sink a monkey in the sahara desert",149,G,english,4,classics,761
166,"color philadelphia","a thoughtful panorama of a car and a crocodile who must sink a monkey in the sahara desert",149,G,english,4,classics,762
166,"color philadelphia","a thoughtful panorama of a car and a crocodile who must sink a monkey in the sahara desert",149,G,english,4,classics,763
180,"conspiracy spirit","a awe-inspiring story of a student and a frisbee who must conquer a crocodile in an abandoned mine shaft",184,PG-13,english,4,classics,823
180,"conspiracy spirit","a awe-inspiring story of a student and a frisbee who must conquer a crocodile in an abandoned mine shaft",184,PG-13,english,4,classics,824
184,"core suit","a unbelieveable tale of a car and a explorer who must confront a boat in a manhattan penthouse",92,PG-13,english,4,classics,840
184,"core suit","a unbelieveable tale of a car and a explorer who must confront a boat in a manhattan penthouse",92,PG-13,english,4,classics,841
184,"core suit","a unbelieveable tale of a car and a explorer who must confront a boat in a manhattan penthouse",92,PG-13,english,4,classics,842
184,"core suit","a unbelieveable tale of a car and a explorer who must confront a boat in a manhattan penthouse",92,PG-13,english,4,classics,843
184,"core suit","a unbelieveable tale of a car and a explorer who must confront a boat in a manhattan penthouse",92,PG-13,english,4,classics,844
190,"creepers kane","a awe-inspiring reflection of a squirrel and a boat who must outrace a car in a jet boat",172,NC-17,english,4,classics,863
190,"creepers kane","a awe-inspiring reflection of a squirrel and a boat who must outrace a car in a jet boat",172,NC-17,english,4,classics,864
190,"creepers kane","a awe-inspiring reflection of a squirrel and a boat who must outrace a car in a jet boat",172,NC-17,english,4,classics,865
190,"creepers kane","a awe-inspiring reflection of a squirrel and a boat who must outrace a car in a jet boat",172,NC-17,english,4,classics,866
196,"cruelty unforgiven","a brilliant tale of a car and a moose who must battle a dentist in nigeria",69,G,english,4,classics,885
196,"cruelty unforgiven","a brilliant tale of a car and a moose who must battle a dentist in nigeria",69,G,english,4,classics,886
228,"detective vision","a fanciful documentary of a pioneer and a woman who must redeem a hunter in ancient japan",143,PG-13,english,4,classics,1016
228,"detective vision","a fanciful documentary of a pioneer and a woman who must redeem a hunter in ancient japan",143,PG-13,english,4,classics,1017
228,"detective vision","a fanciful documentary of a pioneer and a woman who must redeem a hunter in ancient japan",143,PG-13,english,4,classics,1018
228,"detective vision","a fanciful documentary of a pioneer and a woman who must redeem a hunter in ancient japan",143,PG-13,english,4,classics,1019
228,"detective vision","a fanciful documentary of a pioneer and a woman who must redeem a hunter in ancient japan",143,PG-13,english,4,classics,1020
228,"detective vision","a fanciful documentary of a pioneer and a woman who must redeem a hunter in ancient japan",143,PG-13,english,4,classics,1021
228,"detective vision","a fanciful documentary of a pioneer and a woman who must redeem a hunter in ancient japan",143,PG-13,english,4,classics,1022
249,"dracula crystal","a thrilling reflection of a feminist and a cat who must find a frisbee in an abandoned fun house",176,G,english,4,classics,1121
249,"dracula crystal","a thrilling reflection of a feminist and a cat who must find a frisbee in an abandoned fun house",176,G,english,4,classics,1122
249,"dracula crystal","a thrilling reflection of a feminist and a cat who must find a frisbee in an abandoned fun house",176,G,english,4,classics,1123
249,"dracula crystal","a thrilling reflection of a feminist and a cat who must find a frisbee in an abandoned fun house",176,G,english,4,classics,1124
249,"dracula crystal","a thrilling reflection of a feminist and a cat who must find a frisbee in an abandoned fun house",176,G,english,4,classics,1125
249,"dracula crystal","a thrilling reflection of a feminist and a cat who must find a frisbee in an abandoned fun house",176,G,english,4,classics,1126
266,"dynamite tarzan","a intrepid documentary of a forensic psychologist and a mad scientist who must face a explorer in a u-boat",141,PG-13,english,4,classics,1192
266,"dynamite tarzan","a intrepid documentary of a forensic psychologist and a mad scientist who must face a explorer in a u-boat",141,PG-13,english,4,classics,1193
266,"dynamite tarzan","a intrepid documentary of a forensic psychologist and a mad scientist who must face a explorer in a u-boat",141,PG-13,english,4,classics,1194
266,"dynamite tarzan","a intrepid documentary of a forensic psychologist and a mad scientist who must face a explorer in a u-boat",141,PG-13,english,4,classics,1195
266,"dynamite tarzan","a intrepid documentary of a forensic psychologist and a mad scientist who must face a explorer in a u-boat",141,PG-13,english,4,classics,1196
266,"dynamite tarzan","a intrepid documentary of a forensic psychologist and a mad scientist who must face a explorer in a u-boat",141,PG-13,english,4,classics,1197
266,"dynamite tarzan","a intrepid documentary of a forensic psychologist and a mad scientist who must face a explorer in a u-boat",141,PG-13,english,4,classics,1198
266,"dynamite tarzan","a intrepid documentary of a forensic psychologist and a mad scientist who must face a explorer in a u-boat",141,PG-13,english,4,classics,1199
297,"extraordinary conquerer","a stunning story of a dog and a feminist who must face a forensic psychologist in berlin",122,G,english,4,classics,1347
297,"extraordinary conquerer","a stunning story of a dog and a feminist who must face a forensic psychologist in berlin",122,G,english,4,classics,1348
341,"frost head","a amazing reflection of a lumberjack and a cat who must discover a husband in a mysql convention",82,PG,english,4,classics,1551
341,"frost head","a amazing reflection of a lumberjack and a cat who must discover a husband in a mysql convention",82,PG,english,4,classics,1552
341,"frost head","a amazing reflection of a lumberjack and a cat who must discover a husband in a mysql convention",82,PG,english,4,classics,1553
341,"frost head","a amazing reflection of a lumberjack and a cat who must discover a husband in a mysql convention",82,PG,english,4,classics,1554
